type,dayofweek,start,end
0,0,3.933333333333333,13.2
0,1,3.933333333333333,13.2
0,2,3.933333333333333,13.2
0,3,3.933333333333333,13.2
0,4,3.933333333333333,13.2
0,5,3.933333333333333,11.541666666666666
0,6,3.933333333333333,12.225
0,0,3.9833333333333334,11.716666666666667
0,1,3.9833333333333334,11.716666666666667
0,2,3.9833333333333334,11.716666666666667
0,3,3.9833333333333334,11.716666666666667
0,4,3.9833333333333334,11.716666666666667
0,5,3.9916666666666667,12.15
0,6,3.9916666666666667,11.833333333333334
0,0,4.008333333333334,11.35
0,1,4.008333333333334,11.35
0,2,4.008333333333334,11.35
0,3,4.008333333333334,11.35
0,4,4.008333333333334,11.35
0,0,4.05,10.7
0,1,4.05,10.7
0,2,4.05,10.7
0,3,4.05,10.7
0,4,4.05,10.7
0,0,4.15,12.966666666666667
0,1,4.15,12.966666666666667
0,2,4.15,12.966666666666667
0,3,4.15,12.966666666666667
0,4,4.15,12.966666666666667
0,6,4.158333333333333,12.891666666666667
0,5,4.175,12.016666666666667
0,6,4.175,13.175
0,0,4.2,11.7
0,1,4.2,11.7
0,2,4.2,11.7
0,3,4.2,11.7
0,4,4.2,11.7
0,5,4.216666666666667,12.375
0,0,4.225,13.425
0,1,4.225,13.425
0,2,4.225,13.425
0,3,4.225,13.425
0,4,4.225,13.425
0,5,4.225,13.5
0,6,4.225,13.183333333333334
0,0,4.291666666666667,11.866666666666667
0,1,4.291666666666667,11.866666666666667
0,2,4.291666666666667,11.866666666666667
0,3,4.291666666666667,11.866666666666667
0,4,4.291666666666667,11.866666666666667
0,0,4.3,11.366666666666667
0,1,4.3,11.366666666666667
0,2,4.3,11.366666666666667
0,3,4.3,11.366666666666667
0,4,4.3,11.366666666666667
0,5,4.3,11.108333333333333
0,6,4.3,12.441666666666666
0,0,4.325,11.916666666666666
0,1,4.325,11.916666666666666
0,2,4.325,11.916666666666666
0,3,4.325,11.916666666666666
0,4,4.325,11.916666666666666
0,5,4.325,11.483333333333333
0,6,4.325,11.775
0,5,4.325,12.816666666666666
0,6,4.325,13.666666666666666
0,0,4.341666666666667,11.225
0,0,4.341666666666667,11.1
0,1,4.341666666666667,11.225
0,1,4.341666666666667,11.1
0,2,4.341666666666667,11.225
0,2,4.341666666666667,11.1
0,3,4.341666666666667,11.225
0,3,4.341666666666667,11.1
0,4,4.341666666666667,11.1
0,4,4.341666666666667,11.225
0,0,4.366666666666666,13.7
0,1,4.366666666666666,13.7
0,2,4.366666666666666,13.7
0,3,4.366666666666666,13.7
0,4,4.366666666666666,13.7
0,0,4.366666666666666,11.666666666666666
0,1,4.366666666666666,11.666666666666666
0,2,4.366666666666666,11.666666666666666
0,3,4.366666666666666,11.666666666666666
0,4,4.366666666666666,11.666666666666666
0,5,4.366666666666666,13.125
0,6,4.366666666666666,12.441666666666666
0,0,4.375,11.761111111111111
0,1,4.375,11.761111111111111
0,2,4.375,11.761111111111111
0,3,4.375,11.761111111111111
0,4,4.375,11.761111111111111
0,0,4.383333333333334,13.516666666666667
0,1,4.383333333333334,13.516666666666667
0,2,4.383333333333334,13.516666666666667
0,3,4.383333333333334,13.516666666666667
0,4,4.383333333333334,13.516666666666667
0,5,4.383333333333334,11.633333333333333
0,6,4.383333333333334,12.058333333333334
0,0,4.441666666666666,12.95
0,1,4.441666666666666,12.95
0,2,4.441666666666666,12.95
0,3,4.441666666666666,12.95
0,4,4.441666666666666,12.95
0,5,4.441666666666666,13.825
0,0,4.441666666666666,11.766666666666667
0,1,4.441666666666666,11.766666666666667
0,2,4.441666666666666,11.766666666666667
0,3,4.441666666666666,11.766666666666667
0,4,4.441666666666666,11.766666666666667
0,6,4.441666666666666,13.666666666666666
0,5,4.45,13.208333333333334
0,6,4.45,11.725
0,5,4.466666666666667,11.941666666666666
0,6,4.466666666666667,13.441666666666666
0,5,4.475,13.625
0,6,4.475,13.441666666666666
0,5,4.475,11.666666666666666
0,0,4.475,11.6
0,1,4.475,11.6
0,2,4.475,11.6
0,3,4.475,11.6
0,4,4.475,11.6
0,6,4.475,13.35
0,0,4.475,13.341666666666667
0,1,4.475,13.341666666666667
0,2,4.475,13.341666666666667
0,3,4.475,13.341666666666667
0,4,4.475,13.341666666666667
0,0,4.475,13.33611111111111
0,1,4.475,13.33611111111111
0,2,4.475,13.33611111111111
0,3,4.475,13.33611111111111
0,4,4.475,13.33611111111111
0,0,4.483333333333333,12.041666666666666
0,1,4.483333333333333,12.041666666666666
0,2,4.483333333333333,12.041666666666666
0,3,4.483333333333333,12.041666666666666
0,4,4.483333333333333,12.041666666666666
0,0,4.491666666666666,11.241666666666667
0,1,4.491666666666666,11.241666666666667
0,2,4.491666666666666,11.241666666666667
0,3,4.491666666666666,11.241666666666667
0,4,4.491666666666666,11.241666666666667
0,0,4.491666666666666,11.975
0,1,4.491666666666666,11.975
0,2,4.491666666666666,11.975
0,3,4.491666666666666,11.975
0,4,4.491666666666666,11.975
0,0,4.491666666666666,11.325
0,1,4.491666666666666,11.325
0,2,4.491666666666666,11.325
0,3,4.491666666666666,11.325
0,4,4.491666666666666,11.325
0,6,4.5,11.391666666666667
0,0,4.5,12.391666666666667
0,1,4.5,12.391666666666667
0,2,4.5,12.391666666666667
0,3,4.5,12.391666666666667
0,4,4.5,12.391666666666667
0,5,4.5,13.033333333333333
0,6,4.5,13.575
0,0,4.508333333333334,13.825
0,1,4.508333333333334,13.825
0,2,4.508333333333334,13.825
0,3,4.508333333333334,13.825
0,4,4.508333333333334,13.825
0,5,4.516666666666667,12.383333333333333
0,6,4.516666666666667,12.741666666666667
0,0,4.516666666666667,13.141666666666667
0,1,4.516666666666667,13.141666666666667
0,2,4.516666666666667,13.141666666666667
0,3,4.516666666666667,13.141666666666667
0,4,4.516666666666667,13.141666666666667
0,5,4.516666666666667,11.333333333333334
0,6,4.516666666666667,12.95
0,0,4.525,12.275
0,0,4.525,12.975
0,1,4.525,12.275
0,1,4.525,12.975
0,2,4.525,12.275
0,2,4.525,12.975
0,3,4.525,12.275
0,3,4.525,12.975
0,4,4.525,12.275
0,4,4.525,12.975
0,5,4.525,12.241666666666667
0,6,4.525,13.75
0,0,4.533333333333333,11.616666666666667
0,1,4.533333333333333,11.616666666666667
0,2,4.533333333333333,11.616666666666667
0,3,4.533333333333333,11.616666666666667
0,4,4.533333333333333,11.616666666666667
0,5,4.541666666666667,11.575
0,6,4.541666666666667,12.916666666666666
0,0,4.541666666666667,12.35
0,1,4.541666666666667,12.35
0,2,4.541666666666667,12.35
0,3,4.541666666666667,12.35
0,4,4.541666666666667,12.35
0,5,4.55,12.683333333333334
0,6,4.55,12.175
0,5,4.558333333333334,12.625
0,6,4.558333333333334,13.35
0,0,4.558333333333334,12.205555555555556
0,1,4.558333333333334,12.205555555555556
0,2,4.558333333333334,12.205555555555556
0,3,4.558333333333334,12.205555555555556
0,4,4.558333333333334,12.205555555555556
0,0,4.566666666666666,11.983333333333333
0,1,4.566666666666666,11.983333333333333
0,2,4.566666666666666,11.983333333333333
0,3,4.566666666666666,11.983333333333333
0,4,4.566666666666666,11.983333333333333
0,5,4.575,13.316666666666666
0,6,4.575,13.333333333333334
0,0,4.583333333333333,11.141666666666667
0,1,4.583333333333333,11.141666666666667
0,2,4.583333333333333,11.141666666666667
0,3,4.583333333333333,11.141666666666667
0,4,4.583333333333333,11.141666666666667
0,5,4.583333333333333,13.866666666666667
0,0,4.583333333333333,14.066666666666666
0,1,4.583333333333333,14.066666666666666
0,2,4.583333333333333,14.066666666666666
0,3,4.583333333333333,14.066666666666666
0,4,4.583333333333333,14.066666666666666
0,6,4.583333333333333,13.6
0,5,4.6,11.908333333333333
0,6,4.6,13.416666666666666
0,0,4.6,13.391666666666667
0,1,4.6,13.391666666666667
0,2,4.6,13.391666666666667
0,3,4.6,13.391666666666667
0,4,4.6,13.391666666666667
0,0,4.6,13.166666666666666
0,1,4.6,13.166666666666666
0,2,4.6,13.166666666666666
0,3,4.6,13.166666666666666
0,4,4.6,13.166666666666666
0,0,4.6,13.6
0,1,4.6,13.6
0,2,4.6,13.6
0,3,4.6,13.6
0,4,4.6,13.6
0,5,4.608333333333333,12.85
0,6,4.608333333333333,12.841666666666667
0,0,4.616666666666666,11.766666666666667
0,1,4.616666666666666,11.766666666666667
0,2,4.616666666666666,11.766666666666667
0,3,4.616666666666666,11.766666666666667
0,4,4.616666666666666,11.766666666666667
0,0,4.616666666666666,13.716666666666667
0,1,4.616666666666666,13.716666666666667
0,2,4.616666666666666,13.716666666666667
0,3,4.616666666666666,13.716666666666667
0,4,4.616666666666666,13.716666666666667
0,0,4.625,13.2
0,1,4.625,13.2
0,2,4.625,13.2
0,3,4.625,13.2
0,4,4.625,13.2
0,5,4.633333333333334,12.766666666666667
0,6,4.633333333333334,12.975
0,0,4.65,13.925
0,1,4.65,13.925
0,2,4.65,13.925
0,3,4.65,13.925
0,4,4.65,13.925
0,0,4.65,13.472222222222221
0,1,4.65,13.472222222222221
0,2,4.65,13.472222222222221
0,3,4.65,13.472222222222221
0,4,4.65,13.472222222222221
0,0,4.65,13.738888888888889
0,1,4.65,13.738888888888889
0,2,4.65,13.738888888888889
0,3,4.65,13.738888888888889
0,4,4.65,13.738888888888889
0,5,4.658333333333333,13.483333333333333
0,6,4.658333333333333,13.275
0,0,4.675,12.825
0,1,4.675,12.825
0,2,4.675,12.825
0,3,4.675,12.825
0,4,4.675,12.825
0,0,4.691666666666666,11.266666666666667
0,1,4.691666666666666,11.266666666666667
0,2,4.691666666666666,11.266666666666667
0,3,4.691666666666666,11.266666666666667
0,4,4.691666666666666,11.266666666666667
0,0,4.708333333333333,11.516666666666667
0,1,4.708333333333333,11.516666666666667
0,2,4.708333333333333,11.516666666666667
0,3,4.708333333333333,11.516666666666667
0,4,4.708333333333333,11.516666666666667
0,5,4.708333333333333,13.441666666666666
0,6,4.708333333333333,12.775
0,6,4.716666666666667,14.183333333333334
0,0,4.716666666666667,12.761111111111111
0,1,4.716666666666667,12.761111111111111
0,2,4.716666666666667,12.761111111111111
0,3,4.716666666666667,12.761111111111111
0,4,4.716666666666667,12.761111111111111
0,0,4.716666666666667,11.35
0,1,4.716666666666667,11.35
0,2,4.716666666666667,11.35
0,3,4.716666666666667,11.35
0,4,4.716666666666667,11.35
0,0,4.725,11.641666666666667
0,1,4.725,11.641666666666667
0,2,4.725,11.641666666666667
0,3,4.725,11.641666666666667
0,4,4.725,11.641666666666667
0,5,4.733333333333333,13.458333333333334
0,6,4.733333333333333,13.108333333333333
0,0,4.75,12.933333333333334
0,1,4.75,12.933333333333334
0,2,4.75,12.933333333333334
0,3,4.75,12.933333333333334
0,4,4.75,12.933333333333334
0,0,4.758333333333334,12.516666666666667
0,1,4.758333333333334,12.516666666666667
0,2,4.758333333333334,12.516666666666667
0,3,4.758333333333334,12.516666666666667
0,4,4.758333333333334,12.516666666666667
0,0,4.758333333333334,12.591666666666667
0,1,4.758333333333334,12.591666666666667
0,2,4.758333333333334,12.591666666666667
0,3,4.758333333333334,12.591666666666667
0,4,4.758333333333334,12.591666666666667
0,0,4.758333333333334,11.741666666666667
0,1,4.758333333333334,11.741666666666667
0,2,4.758333333333334,11.741666666666667
0,3,4.758333333333334,11.741666666666667
0,4,4.758333333333334,11.741666666666667
0,0,4.775,14.183333333333334
0,1,4.775,14.183333333333334
0,2,4.775,14.183333333333334
0,3,4.775,14.183333333333334
0,4,4.775,14.183333333333334
0,6,4.8,13.35
0,0,4.8,14.158333333333333
0,1,4.8,14.158333333333333
0,2,4.8,14.158333333333333
0,3,4.8,14.158333333333333
0,4,4.8,14.158333333333333
0,5,4.8,13.775
0,6,4.8,13.608333333333333
0,0,4.808333333333334,13.694444444444445
0,1,4.808333333333334,13.694444444444445
0,2,4.808333333333334,13.694444444444445
0,3,4.808333333333334,13.694444444444445
0,4,4.808333333333334,13.694444444444445
0,6,4.808333333333334,13.833333333333334
0,0,4.825,13.441666666666666
0,1,4.825,13.441666666666666
0,2,4.825,13.441666666666666
0,3,4.825,13.441666666666666
0,4,4.825,13.441666666666666
0,0,4.825,12.53888888888889
0,1,4.825,12.53888888888889
0,2,4.825,12.53888888888889
0,3,4.825,12.53888888888889
0,4,4.825,12.53888888888889
0,5,4.825,13.15
0,6,4.825,14.166666666666666
0,0,4.833333333333333,12.872222222222222
0,1,4.833333333333333,12.872222222222222
0,2,4.833333333333333,12.872222222222222
0,3,4.833333333333333,12.872222222222222
0,4,4.833333333333333,12.872222222222222
0,0,4.833333333333333,12.825
0,1,4.833333333333333,12.825
0,2,4.833333333333333,12.825
0,3,4.833333333333333,12.825
0,4,4.833333333333333,12.825
0,5,4.833333333333333,13.433333333333334
0,6,4.833333333333333,12.766666666666667
0,0,4.833333333333333,12.916666666666666
0,1,4.833333333333333,12.916666666666666
0,2,4.833333333333333,12.916666666666666
0,3,4.833333333333333,12.916666666666666
0,4,4.833333333333333,12.916666666666666
0,0,4.85,13.666666666666666
0,1,4.85,13.666666666666666
0,2,4.85,13.666666666666666
0,3,4.85,13.666666666666666
0,4,4.85,13.666666666666666
0,0,4.875,13.133333333333333
0,1,4.875,13.133333333333333
0,2,4.875,13.133333333333333
0,3,4.875,13.133333333333333
0,4,4.875,13.133333333333333
0,6,4.883333333333334,13.058333333333334
0,0,4.883333333333334,12.766666666666667
0,1,4.883333333333334,12.766666666666667
0,2,4.883333333333334,12.766666666666667
0,3,4.883333333333334,12.766666666666667
0,4,4.883333333333334,12.766666666666667
0,5,4.883333333333334,11.466666666666667
0,6,4.883333333333334,12.725
0,0,4.883333333333334,14.072222222222223
0,1,4.883333333333334,14.072222222222223
0,2,4.883333333333334,14.072222222222223
0,3,4.883333333333334,14.072222222222223
0,4,4.883333333333334,14.072222222222223
0,0,4.9,14.316666666666666
0,1,4.9,14.316666666666666
0,2,4.9,14.316666666666666
0,3,4.9,14.316666666666666
0,4,4.9,14.316666666666666
0,5,4.9,12.258333333333333
0,5,4.9,12.833333333333334
0,6,4.9,12.7
0,0,4.925,12.427777777777777
0,1,4.925,12.427777777777777
0,2,4.925,12.427777777777777
0,3,4.925,12.427777777777777
0,4,4.925,12.427777777777777
0,6,4.925,13.675
0,0,4.925,13.45
0,1,4.925,13.45
0,2,4.925,13.45
0,3,4.925,13.45
0,4,4.925,13.45
0,0,4.925,14.358333333333333
0,1,4.925,14.358333333333333
0,2,4.925,14.358333333333333
0,3,4.925,14.358333333333333
0,4,4.925,14.358333333333333
0,0,4.958333333333333,13.094444444444445
0,1,4.958333333333333,13.094444444444445
0,2,4.958333333333333,13.094444444444445
0,3,4.958333333333333,13.094444444444445
0,4,4.958333333333333,13.094444444444445
0,5,4.966666666666667,13.275
0,0,4.983333333333333,12.95
0,1,4.983333333333333,12.95
0,2,4.983333333333333,12.95
0,3,4.983333333333333,12.95
0,4,4.983333333333333,12.95
0,0,4.983333333333333,13.333333333333334
0,1,4.983333333333333,13.333333333333334
0,2,4.983333333333333,13.333333333333334
0,3,4.983333333333333,13.333333333333334
0,4,4.983333333333333,13.333333333333334
0,0,4.991666666666666,11.741666666666667
0,1,4.991666666666666,11.741666666666667
0,2,4.991666666666666,11.741666666666667
0,3,4.991666666666666,11.741666666666667
0,4,4.991666666666666,11.741666666666667
0,0,5.008333333333334,14.141666666666667
0,1,5.008333333333334,14.141666666666667
0,2,5.008333333333334,14.141666666666667
0,3,5.008333333333334,14.141666666666667
0,4,5.008333333333334,14.141666666666667
0,0,5.016666666666667,14.225
0,1,5.016666666666667,14.225
0,2,5.016666666666667,14.225
0,3,5.016666666666667,14.225
0,4,5.016666666666667,14.225
0,5,5.033333333333333,13.733333333333333
0,5,5.05,12.85
0,6,5.05,13.866666666666667
0,5,5.05,11.566666666666666
0,0,5.058333333333334,12.341666666666667
0,1,5.058333333333334,12.341666666666667
0,2,5.058333333333334,12.341666666666667
0,3,5.058333333333334,12.341666666666667
0,4,5.058333333333334,12.341666666666667
0,0,5.075,13.725
0,1,5.075,13.725
0,2,5.075,13.725
0,3,5.075,13.725
0,4,5.075,13.725
0,0,5.075,12.016666666666667
0,1,5.075,12.016666666666667
0,2,5.075,12.016666666666667
0,3,5.075,12.016666666666667
0,4,5.075,12.016666666666667
0,0,5.083333333333333,12.983333333333333
0,1,5.083333333333333,12.983333333333333
0,2,5.083333333333333,12.983333333333333
0,3,5.083333333333333,12.983333333333333
0,4,5.083333333333333,12.983333333333333
0,0,5.1,14.294444444444444
0,1,5.1,14.294444444444444
0,2,5.1,14.294444444444444
0,3,5.1,14.294444444444444
0,4,5.1,14.294444444444444
0,0,5.133333333333334,13.016666666666667
0,1,5.133333333333334,13.016666666666667
0,2,5.133333333333334,13.016666666666667
0,3,5.133333333333334,13.016666666666667
0,4,5.133333333333334,13.016666666666667
0,0,5.141666666666667,13.466666666666667
0,1,5.141666666666667,13.466666666666667
0,2,5.141666666666667,13.466666666666667
0,3,5.141666666666667,13.466666666666667
0,4,5.141666666666667,13.466666666666667
0,0,5.15,13.075
0,1,5.15,13.075
0,2,5.15,13.075
0,3,5.15,13.075
0,4,5.15,13.075
0,0,5.158333333333333,13.808333333333334
0,1,5.158333333333333,13.808333333333334
0,2,5.158333333333333,13.808333333333334
0,3,5.158333333333333,13.808333333333334
0,4,5.158333333333333,13.808333333333334
0,5,5.175,12.316666666666666
0,0,5.175,13.225
0,1,5.175,13.225
0,2,5.175,13.225
0,3,5.175,13.225
0,4,5.175,13.225
0,0,5.183333333333334,12.872222222222222
0,1,5.183333333333334,12.872222222222222
0,2,5.183333333333334,12.872222222222222
0,3,5.183333333333334,12.872222222222222
0,4,5.183333333333334,12.872222222222222
0,0,5.208333333333333,13.427777777777777
0,1,5.208333333333333,13.427777777777777
0,2,5.208333333333333,13.427777777777777
0,3,5.208333333333333,13.427777777777777
0,4,5.208333333333333,13.427777777777777
0,0,5.216666666666667,12.333333333333334
0,1,5.216666666666667,12.333333333333334
0,2,5.216666666666667,12.333333333333334
0,3,5.216666666666667,12.333333333333334
0,4,5.216666666666667,12.333333333333334
0,0,5.233333333333333,13.975
0,1,5.233333333333333,13.975
0,2,5.233333333333333,13.975
0,3,5.233333333333333,13.975
0,4,5.233333333333333,13.975
0,0,5.266666666666667,14.627777777777778
0,1,5.266666666666667,14.627777777777778
0,2,5.266666666666667,14.627777777777778
0,3,5.266666666666667,14.627777777777778
0,4,5.266666666666667,14.627777777777778
0,0,5.275,14.13888888888889
0,1,5.275,14.13888888888889
0,2,5.275,14.13888888888889
0,3,5.275,14.13888888888889
0,4,5.275,14.13888888888889
0,0,5.283333333333333,14.65
0,1,5.283333333333333,14.65
0,2,5.283333333333333,14.65
0,3,5.283333333333333,14.65
0,4,5.283333333333333,14.65
0,0,5.291666666666667,12.075
0,1,5.291666666666667,12.075
0,2,5.291666666666667,12.075
0,3,5.291666666666667,12.075
0,4,5.291666666666667,12.075
0,0,5.308333333333334,13.766666666666667
0,1,5.308333333333334,13.766666666666667
0,2,5.308333333333334,13.766666666666667
0,3,5.308333333333334,13.766666666666667
0,4,5.308333333333334,13.766666666666667
0,0,5.316666666666666,14.641666666666667
0,1,5.316666666666666,14.641666666666667
0,2,5.316666666666666,14.641666666666667
0,3,5.316666666666666,14.641666666666667
0,4,5.316666666666666,14.641666666666667
0,0,5.316666666666666,13.325
0,1,5.316666666666666,13.325
0,2,5.316666666666666,13.325
0,3,5.316666666666666,13.325
0,4,5.316666666666666,13.325
0,0,5.325,12.241666666666667
0,1,5.325,12.241666666666667
0,2,5.325,12.241666666666667
0,3,5.325,12.241666666666667
0,4,5.325,12.241666666666667
0,0,5.333333333333333,14.316666666666666
0,1,5.333333333333333,14.316666666666666
0,2,5.333333333333333,14.316666666666666
0,3,5.333333333333333,14.316666666666666
0,4,5.333333333333333,14.316666666666666
0,0,5.35,13.95
0,1,5.35,13.95
0,2,5.35,13.95
0,3,5.35,13.95
0,4,5.35,13.95
0,0,5.35,12.708333333333334
0,1,5.35,12.708333333333334
0,2,5.35,12.708333333333334
0,3,5.35,12.708333333333334
0,4,5.35,12.708333333333334
0,0,5.35,11.933333333333334
0,1,5.35,11.933333333333334
0,2,5.35,11.933333333333334
0,3,5.35,11.933333333333334
0,4,5.35,11.933333333333334
0,5,5.4,14.325
0,0,5.408333333333333,13.666666666666666
0,1,5.408333333333333,13.666666666666666
0,2,5.408333333333333,13.666666666666666
0,3,5.408333333333333,13.666666666666666
0,4,5.408333333333333,13.666666666666666
0,5,5.466666666666667,14.741666666666667
0,0,5.483333333333333,12.458333333333334
0,1,5.483333333333333,12.458333333333334
0,2,5.483333333333333,12.458333333333334
0,3,5.483333333333333,12.458333333333334
0,4,5.483333333333333,12.458333333333334
0,0,5.483333333333333,13.575
0,1,5.483333333333333,13.575
0,2,5.483333333333333,13.575
0,3,5.483333333333333,13.575
0,4,5.483333333333333,13.575
0,0,5.483333333333333,13.591666666666667
0,0,5.483333333333333,14.866666666666667
0,1,5.483333333333333,13.591666666666667
0,1,5.483333333333333,14.866666666666667
0,2,5.483333333333333,13.591666666666667
0,2,5.483333333333333,14.866666666666667
0,3,5.483333333333333,13.591666666666667
0,3,5.483333333333333,14.866666666666667
0,4,5.483333333333333,13.591666666666667
0,4,5.483333333333333,14.866666666666667
0,0,5.483333333333333,12.669444444444444
0,1,5.483333333333333,12.669444444444444
0,2,5.483333333333333,12.669444444444444
0,3,5.483333333333333,12.669444444444444
0,4,5.483333333333333,12.669444444444444
0,0,5.516666666666667,13.35
0,1,5.516666666666667,13.35
0,2,5.516666666666667,13.35
0,3,5.516666666666667,13.35
0,4,5.516666666666667,13.35
0,5,5.533333333333333,14.033333333333333
0,5,5.558333333333334,14.85
0,0,5.591666666666667,13.141666666666667
0,1,5.591666666666667,13.141666666666667
0,2,5.591666666666667,13.141666666666667
0,3,5.591666666666667,13.141666666666667
0,4,5.591666666666667,13.141666666666667
0,0,5.6,14.075
0,1,5.6,14.075
0,2,5.6,14.075
0,3,5.6,14.075
0,4,5.6,14.075
0,5,5.6,13.708333333333334
0,0,5.608333333333333,14.816666666666666
0,1,5.608333333333333,14.816666666666666
0,2,5.608333333333333,14.816666666666666
0,3,5.608333333333333,14.816666666666666
0,4,5.608333333333333,14.816666666666666
0,0,5.625,14.583333333333334
0,1,5.625,14.583333333333334
0,2,5.625,14.583333333333334
0,3,5.625,14.583333333333334
0,4,5.625,14.583333333333334
0,5,5.633333333333334,13.958333333333334
0,0,5.641666666666667,13.825
0,1,5.641666666666667,13.825
0,2,5.641666666666667,13.825
0,3,5.641666666666667,13.825
0,4,5.641666666666667,13.825
0,5,5.65,13.233333333333333
0,0,5.658333333333333,14.458333333333334
0,1,5.658333333333333,14.458333333333334
0,2,5.658333333333333,14.458333333333334
0,3,5.658333333333333,14.458333333333334
0,4,5.658333333333333,14.458333333333334
0,0,5.666666666666667,14.4
0,1,5.666666666666667,14.4
0,2,5.666666666666667,14.4
0,3,5.666666666666667,14.4
0,4,5.666666666666667,14.4
0,5,5.675,13.183333333333334
0,5,5.675,14.65
0,0,5.7,14.558333333333334
0,1,5.7,14.558333333333334
0,2,5.7,14.558333333333334
0,3,5.7,14.558333333333334
0,4,5.7,14.558333333333334
0,5,5.708333333333333,14.375
0,6,5.708333333333333,14.558333333333334
0,5,5.725,14.433333333333334
0,6,5.725,14.6
0,5,5.733333333333333,14.825
0,0,5.766666666666667,13.95
0,1,5.766666666666667,13.95
0,2,5.766666666666667,13.95
0,3,5.766666666666667,13.95
0,4,5.766666666666667,13.95
0,6,5.783333333333333,14.666666666666666
0,0,5.8,13.083333333333334
0,1,5.8,13.083333333333334
0,2,5.8,13.083333333333334
0,3,5.8,13.083333333333334
0,4,5.8,13.083333333333334
0,0,5.825,13.258333333333333
0,1,5.825,13.258333333333333
0,2,5.825,13.258333333333333
0,3,5.825,13.258333333333333
0,4,5.825,13.258333333333333
0,5,5.833333333333333,14.041666666666666
0,0,5.833333333333333,13.216666666666667
0,1,5.833333333333333,13.216666666666667
0,2,5.833333333333333,13.216666666666667
0,3,5.833333333333333,13.216666666666667
0,4,5.833333333333333,13.216666666666667
0,0,5.841666666666667,12.841666666666667
0,1,5.841666666666667,12.841666666666667
0,2,5.841666666666667,12.841666666666667
0,3,5.841666666666667,12.841666666666667
0,4,5.841666666666667,12.841666666666667
0,5,5.85,13.408333333333333
0,0,5.85,13.8
0,1,5.85,13.8
0,2,5.85,13.8
0,3,5.85,13.8
0,4,5.85,13.8
0,0,5.866666666666666,12.766666666666667
0,1,5.866666666666666,12.766666666666667
0,2,5.866666666666666,12.766666666666667
0,3,5.866666666666666,12.766666666666667
0,4,5.866666666666666,12.766666666666667
0,0,5.891666666666667,14.65
0,1,5.891666666666667,14.65
0,2,5.891666666666667,14.65
0,3,5.891666666666667,14.65
0,4,5.891666666666667,14.65
0,5,5.891666666666667,13.85
0,0,5.908333333333333,12.958333333333334
0,1,5.908333333333333,12.958333333333334
0,2,5.908333333333333,12.958333333333334
0,3,5.908333333333333,12.958333333333334
0,4,5.908333333333333,12.958333333333334
0,6,5.933333333333334,13.683333333333334
0,0,5.933333333333334,13.872222222222222
0,1,5.933333333333334,13.872222222222222
0,2,5.933333333333334,13.872222222222222
0,3,5.933333333333334,13.872222222222222
0,4,5.933333333333334,13.872222222222222
0,0,5.941666666666666,12.466666666666667
0,1,5.941666666666666,12.466666666666667
0,2,5.941666666666666,12.466666666666667
0,3,5.941666666666666,12.466666666666667
0,4,5.941666666666666,12.466666666666667
0,0,5.958333333333333,14.916666666666666
0,1,5.958333333333333,14.916666666666666
0,2,5.958333333333333,14.916666666666666
0,3,5.958333333333333,14.916666666666666
0,4,5.958333333333333,14.916666666666666
0,5,5.983333333333333,13.325
0,0,6.0,13.341666666666667
0,1,6.0,13.341666666666667
0,2,6.0,13.341666666666667
0,3,6.0,13.341666666666667
0,4,6.0,13.341666666666667
0,0,6.0,13.466666666666667
0,1,6.0,13.466666666666667
0,2,6.0,13.466666666666667
0,3,6.0,13.466666666666667
0,4,6.0,13.466666666666667
0,5,6.008333333333334,13.983333333333333
0,5,6.008333333333334,14.983333333333333
0,5,6.016666666666667,13.316666666666666
0,5,6.025,14.275
0,6,6.041666666666667,14.825
0,0,6.05,13.858333333333333
0,1,6.05,13.858333333333333
0,2,6.05,13.858333333333333
0,3,6.05,13.858333333333333
0,4,6.05,13.858333333333333
0,6,6.058333333333334,14.85
0,0,6.083333333333333,14.35
0,1,6.083333333333333,14.35
0,2,6.083333333333333,14.35
0,3,6.083333333333333,14.35
0,4,6.083333333333333,14.35
0,0,6.141666666666667,14.95
0,1,6.141666666666667,14.95
0,2,6.141666666666667,14.95
0,3,6.141666666666667,14.95
0,4,6.141666666666667,14.95
0,5,6.15,14.508333333333333
0,5,6.183333333333334,13.683333333333334
0,0,6.183333333333334,14.508333333333333
0,1,6.183333333333334,14.508333333333333
0,2,6.183333333333334,14.508333333333333
0,3,6.183333333333334,14.508333333333333
0,4,6.183333333333334,14.508333333333333
0,0,6.183333333333334,14.758333333333333
0,1,6.183333333333334,14.758333333333333
0,2,6.183333333333334,14.758333333333333
0,3,6.183333333333334,14.758333333333333
0,4,6.183333333333334,14.758333333333333
0,5,6.2,14.125
0,5,6.2,13.833333333333334
0,5,6.2,13.066666666666666
0,0,6.225,13.933333333333334
0,1,6.225,13.933333333333334
0,2,6.225,13.933333333333334
0,3,6.225,13.933333333333334
0,4,6.225,13.933333333333334
0,5,6.241666666666666,14.683333333333334
0,5,6.258333333333334,14.483333333333333
0,6,6.266666666666667,13.0
0,6,6.3,13.108333333333333
0,0,6.308333333333334,14.808333333333334
0,1,6.308333333333334,14.808333333333334
0,2,6.308333333333334,14.808333333333334
0,3,6.308333333333334,14.808333333333334
0,4,6.308333333333334,14.808333333333334
0,5,6.308333333333334,14.608333333333333
0,5,6.316666666666666,14.516666666666667
0,6,6.333333333333333,15.0
0,5,6.341666666666667,13.816666666666666
0,6,6.366666666666666,13.916666666666666
0,5,6.383333333333334,14.6
0,5,6.4,13.375
0,0,6.4,13.841666666666667
0,1,6.4,13.841666666666667
0,2,6.4,13.841666666666667
0,3,6.4,13.841666666666667
0,4,6.4,13.841666666666667
0,5,6.416666666666667,14.166666666666666
0,0,6.425,14.308333333333334
0,1,6.425,14.308333333333334
0,2,6.425,14.308333333333334
0,3,6.425,14.308333333333334
0,4,6.425,14.308333333333334
0,0,6.425,14.758333333333333
0,1,6.425,14.758333333333333
0,2,6.425,14.758333333333333
0,3,6.425,14.758333333333333
0,4,6.425,14.758333333333333
0,0,6.433333333333334,13.983333333333333
0,1,6.433333333333334,13.983333333333333
0,2,6.433333333333334,13.983333333333333
0,3,6.433333333333334,13.983333333333333
0,4,6.433333333333334,13.983333333333333
0,6,6.441666666666666,14.916666666666666
0,5,6.45,14.625
0,0,6.45,14.708333333333334
0,1,6.45,14.708333333333334
0,2,6.45,14.708333333333334
0,3,6.45,14.708333333333334
0,4,6.45,14.708333333333334
0,0,6.45,14.391666666666667
0,1,6.45,14.391666666666667
0,2,6.45,14.391666666666667
0,3,6.45,14.391666666666667
0,4,6.45,14.391666666666667
0,0,6.458333333333333,14.094444444444445
0,1,6.458333333333333,14.094444444444445
0,2,6.458333333333333,14.094444444444445
0,3,6.458333333333333,14.094444444444445
0,4,6.458333333333333,14.094444444444445
0,5,6.475,14.875
0,6,6.483333333333333,14.108333333333333
0,5,6.55,14.883333333333333
0,6,6.55,13.391666666666667
0,0,6.55,14.766666666666667
0,1,6.55,14.766666666666667
0,2,6.55,14.766666666666667
0,3,6.55,14.766666666666667
0,4,6.55,14.766666666666667
0,6,6.558333333333334,14.341666666666667
0,0,6.575,13.558333333333334
0,1,6.575,13.558333333333334
0,2,6.575,13.558333333333334
0,3,6.575,13.558333333333334
0,4,6.575,13.558333333333334
0,0,6.583333333333333,14.866666666666667
0,1,6.583333333333333,14.866666666666667
0,2,6.583333333333333,14.866666666666667
0,3,6.583333333333333,14.866666666666667
0,4,6.583333333333333,14.866666666666667
0,5,6.608333333333333,13.883333333333333
0,0,6.625,14.761111111111111
0,1,6.625,14.761111111111111
0,2,6.625,14.761111111111111
0,3,6.625,14.761111111111111
0,4,6.625,14.761111111111111
0,0,6.658333333333333,13.758333333333333
0,1,6.658333333333333,13.758333333333333
0,2,6.658333333333333,13.758333333333333
0,3,6.658333333333333,13.758333333333333
0,4,6.658333333333333,13.758333333333333
0,0,6.666666666666667,14.558333333333334
0,1,6.666666666666667,14.558333333333334
0,2,6.666666666666667,14.558333333333334
0,3,6.666666666666667,14.558333333333334
0,4,6.666666666666667,14.558333333333334
0,5,6.691666666666666,14.35
0,5,6.7,13.533333333333333
0,5,6.716666666666667,14.758333333333333
0,0,6.716666666666667,14.316666666666666
0,1,6.716666666666667,14.316666666666666
0,2,6.716666666666667,14.316666666666666
0,3,6.716666666666667,14.316666666666666
0,4,6.716666666666667,14.316666666666666
0,0,6.716666666666667,14.416666666666666
0,1,6.716666666666667,14.416666666666666
0,2,6.716666666666667,14.416666666666666
0,3,6.716666666666667,14.416666666666666
0,4,6.716666666666667,14.416666666666666
0,6,6.758333333333334,14.608333333333333
0,5,6.883333333333334,14.85
0,6,7.008333333333334,14.675
0,6,7.116666666666666,14.333333333333334
0,6,7.2,14.016666666666667
0,6,7.65,14.266666666666667
0,6,8.066666666666666,14.666666666666666
0,6,11.075,19.725
0,0,11.141666666666667,19.291666666666668
0,1,11.141666666666667,19.291666666666668
0,2,11.141666666666667,19.291666666666668
0,3,11.141666666666667,19.291666666666668
0,4,11.141666666666667,19.291666666666668
0,5,11.15,19.516666666666666
0,0,11.208333333333334,19.95
0,1,11.208333333333334,19.95
0,2,11.208333333333334,19.95
0,3,11.208333333333334,19.95
0,4,11.208333333333334,19.95
0,6,11.216666666666667,20.008333333333333
0,6,11.258333333333333,19.008333333333333
0,5,11.266666666666667,19.191666666666666
0,6,11.283333333333333,19.908333333333335
0,5,11.325,20.175
0,0,11.344444444444445,18.633333333333333
0,1,11.344444444444445,18.633333333333333
0,2,11.344444444444445,18.633333333333333
0,3,11.344444444444445,18.633333333333333
0,4,11.344444444444445,18.633333333333333
0,5,11.35,19.891666666666666
0,0,11.455555555555556,19.708333333333332
0,1,11.455555555555556,19.708333333333332
0,2,11.455555555555556,19.708333333333332
0,3,11.455555555555556,19.708333333333332
0,4,11.455555555555556,19.708333333333332
0,5,11.55,20.05
0,5,11.6,19.35
0,6,11.616666666666667,20.216666666666665
0,0,11.625,20.233333333333334
0,1,11.625,20.233333333333334
0,2,11.625,20.233333333333334
0,3,11.625,20.233333333333334
0,4,11.625,20.233333333333334
0,0,11.65,20.533333333333335
0,1,11.65,20.533333333333335
0,2,11.65,20.533333333333335
0,3,11.65,20.533333333333335
0,4,11.65,20.533333333333335
0,6,11.691666666666666,19.275
0,0,11.708333333333334,19.383333333333333
0,1,11.708333333333334,19.383333333333333
0,2,11.708333333333334,19.383333333333333
0,3,11.708333333333334,19.383333333333333
0,4,11.708333333333334,19.383333333333333
0,5,11.733333333333333,19.466666666666665
0,5,11.75,20.108333333333334
0,5,11.783333333333333,19.383333333333333
0,6,11.8,21.108333333333334
0,0,11.833333333333334,20.016666666666666
0,1,11.833333333333334,20.016666666666666
0,2,11.833333333333334,20.016666666666666
0,3,11.833333333333334,20.016666666666666
0,4,11.833333333333334,20.008333333333333
0,0,11.85,19.508333333333333
0,1,11.85,19.508333333333333
0,2,11.85,19.508333333333333
0,3,11.85,19.508333333333333
0,4,11.85,19.508333333333333
0,0,11.891666666666667,20.841666666666665
0,1,11.891666666666667,20.841666666666665
0,2,11.891666666666667,20.841666666666665
0,3,11.891666666666667,20.841666666666665
0,4,11.891666666666667,20.841666666666665
0,0,11.891666666666667,20.1
0,1,11.891666666666667,20.1
0,2,11.891666666666667,20.1
0,3,11.891666666666667,20.1
0,4,11.891666666666667,20.1
0,6,11.908333333333333,20.766666666666666
0,0,11.991666666666667,20.291666666666668
0,1,11.991666666666667,20.291666666666668
0,2,11.991666666666667,20.291666666666668
0,3,11.991666666666667,20.291666666666668
0,4,11.991666666666667,20.291666666666668
0,5,12.05,20.383333333333333
0,0,12.125,18.758333333333333
0,1,12.125,18.758333333333333
0,2,12.125,18.758333333333333
0,3,12.125,18.758333333333333
0,4,12.125,18.758333333333333
0,0,12.125,20.716666666666665
0,1,12.125,20.716666666666665
0,2,12.125,20.716666666666665
0,3,12.125,20.716666666666665
0,4,12.125,20.716666666666665
0,5,12.141666666666667,18.683333333333334
0,6,12.141666666666667,20.716666666666665
0,6,12.191666666666666,21.491666666666667
0,5,12.225,19.558333333333334
0,0,12.233333333333333,18.958333333333332
0,1,12.233333333333333,18.958333333333332
0,2,12.233333333333333,18.958333333333332
0,3,12.233333333333333,18.958333333333332
0,4,12.233333333333333,18.958333333333332
0,5,12.233333333333333,21.15
0,6,12.241666666666667,19.558333333333334
0,0,12.241666666666667,20.6
0,1,12.241666666666667,20.6
0,2,12.241666666666667,20.6
0,3,12.241666666666667,20.6
0,4,12.241666666666667,20.6
0,5,12.266666666666667,20.525
0,5,12.266666666666667,20.241666666666667
0,6,12.308333333333334,20.158333333333335
0,0,12.316666666666666,18.941666666666666
0,1,12.316666666666666,18.941666666666666
0,2,12.316666666666666,18.941666666666666
0,3,12.316666666666666,18.941666666666666
0,4,12.316666666666666,18.941666666666666
0,0,12.344444444444445,19.983333333333334
0,1,12.344444444444445,19.983333333333334
0,2,12.344444444444445,19.983333333333334
0,3,12.344444444444445,19.983333333333334
0,4,12.344444444444445,19.983333333333334
0,6,12.358333333333333,21.058333333333334
0,5,12.358333333333333,19.441666666666666
0,0,12.375,20.216666666666665
0,1,12.375,20.216666666666665
0,2,12.375,20.216666666666665
0,3,12.375,20.216666666666665
0,4,12.375,20.216666666666665
0,5,12.375,21.058333333333334
0,5,12.383333333333333,19.541666666666668
0,0,12.433333333333334,20.8
0,1,12.433333333333334,20.8
0,2,12.433333333333334,20.8
0,3,12.433333333333334,20.8
0,4,12.433333333333334,20.8
0,0,12.433333333333334,20.05
0,1,12.433333333333334,20.05
0,2,12.433333333333334,20.05
0,3,12.433333333333334,20.05
0,4,12.433333333333334,20.05
0,0,12.455555555555556,21.575
0,1,12.455555555555556,21.575
0,2,12.455555555555556,21.575
0,3,12.455555555555556,21.575
0,4,12.455555555555556,21.575
0,0,12.475,21.175
0,1,12.475,21.175
0,2,12.475,21.175
0,3,12.475,21.175
0,4,12.475,21.175
0,0,12.491666666666667,19.066666666666666
0,1,12.491666666666667,19.066666666666666
0,2,12.491666666666667,19.066666666666666
0,3,12.491666666666667,19.066666666666666
0,4,12.491666666666667,19.066666666666666
0,5,12.491666666666667,21.416666666666668
0,0,12.491666666666667,19.908333333333335
0,1,12.491666666666667,19.908333333333335
0,2,12.491666666666667,19.908333333333335
0,3,12.491666666666667,19.908333333333335
0,4,12.491666666666667,19.908333333333335
0,6,12.516666666666667,21.05
0,0,12.541666666666666,19.808333333333334
0,1,12.541666666666666,19.808333333333334
0,2,12.541666666666666,19.808333333333334
0,3,12.541666666666666,19.808333333333334
0,4,12.541666666666666,19.808333333333334
0,6,12.55,21.341666666666665
0,5,12.558333333333334,21.408333333333335
0,0,12.58611111111111,20.791666666666668
0,1,12.58611111111111,20.791666666666668
0,2,12.58611111111111,20.791666666666668
0,3,12.58611111111111,20.791666666666668
0,4,12.58611111111111,20.791666666666668
0,0,12.6,21.283333333333335
0,1,12.6,21.283333333333335
0,2,12.6,21.283333333333335
0,3,12.6,21.283333333333335
0,4,12.6,21.283333333333335
0,0,12.625,19.75
0,1,12.625,19.75
0,2,12.625,19.75
0,3,12.625,19.75
0,4,12.625,19.75
0,5,12.666666666666666,20.841666666666665
0,0,12.683333333333334,19.416666666666668
0,1,12.683333333333334,19.416666666666668
0,2,12.683333333333334,19.416666666666668
0,3,12.683333333333334,19.416666666666668
0,4,12.683333333333334,19.416666666666668
0,6,12.691666666666666,21.258333333333333
0,5,12.708333333333334,21.291666666666668
0,0,12.725,19.366666666666667
0,1,12.725,19.366666666666667
0,2,12.725,19.366666666666667
0,3,12.725,19.366666666666667
0,4,12.725,19.366666666666667
0,5,12.766666666666667,20.35
0,0,12.766666666666667,20.55
0,1,12.766666666666667,20.55
0,2,12.766666666666667,20.55
0,3,12.766666666666667,20.55
0,4,12.766666666666667,20.55
0,0,12.78888888888889,20.191666666666666
0,1,12.78888888888889,20.191666666666666
0,2,12.78888888888889,20.191666666666666
0,3,12.78888888888889,20.191666666666666
0,4,12.78888888888889,20.191666666666666
0,0,12.8,21.0
0,1,12.8,21.0
0,2,12.8,21.0
0,3,12.8,21.0
0,4,12.8,21.0
0,0,12.85,20.591666666666665
0,1,12.85,20.591666666666665
0,2,12.85,20.591666666666665
0,3,12.85,20.591666666666665
0,4,12.85,20.591666666666665
0,6,12.858333333333333,21.291666666666668
0,6,12.858333333333333,20.1
0,6,12.866666666666667,20.608333333333334
0,5,12.866666666666667,19.516666666666666
0,0,12.875,19.866666666666667
0,1,12.875,19.866666666666667
0,2,12.875,19.866666666666667
0,3,12.875,19.866666666666667
0,4,12.875,19.866666666666667
0,0,12.875,21.425
0,1,12.875,21.425
0,2,12.875,21.425
0,3,12.875,21.425
0,4,12.875,21.425
0,0,12.891666666666667,21.341666666666665
0,1,12.891666666666667,21.341666666666665
0,2,12.891666666666667,21.341666666666665
0,3,12.891666666666667,21.341666666666665
0,4,12.891666666666667,21.341666666666665
0,6,12.891666666666667,21.716666666666665
0,0,12.908333333333333,21.275
0,1,12.908333333333333,21.275
0,2,12.908333333333333,21.275
0,3,12.908333333333333,21.275
0,4,12.908333333333333,21.275
0,0,12.933333333333334,21.133333333333333
0,1,12.933333333333334,21.133333333333333
0,2,12.933333333333334,21.133333333333333
0,3,12.933333333333334,21.133333333333333
0,4,12.933333333333334,21.133333333333333
0,0,13.0,20.1
0,1,13.0,20.1
0,2,13.0,20.1
0,3,13.0,20.1
0,4,13.0,20.1
0,0,13.011111111111111,20.416666666666668
0,1,13.011111111111111,20.416666666666668
0,2,13.011111111111111,20.416666666666668
0,3,13.011111111111111,20.416666666666668
0,4,13.011111111111111,20.416666666666668
0,0,13.025,19.616666666666667
0,1,13.025,19.616666666666667
0,2,13.025,19.616666666666667
0,3,13.025,19.616666666666667
0,4,13.025,19.616666666666667
0,6,13.025,21.908333333333335
0,0,13.058333333333334,21.3
0,1,13.058333333333334,21.3
0,2,13.058333333333334,21.3
0,3,13.058333333333334,21.3
0,4,13.058333333333334,21.3
0,5,13.066666666666666,21.291666666666668
0,6,13.091666666666667,20.716666666666665
0,5,13.1,21.975
0,0,13.125,19.991666666666667
0,1,13.125,19.991666666666667
0,2,13.125,19.991666666666667
0,3,13.125,19.991666666666667
0,4,13.125,19.991666666666667
0,0,13.141666666666667,20.383333333333333
0,1,13.141666666666667,20.383333333333333
0,2,13.141666666666667,20.383333333333333
0,3,13.141666666666667,20.383333333333333
0,4,13.141666666666667,20.383333333333333
0,0,13.175,21.508333333333333
0,1,13.175,21.508333333333333
0,2,13.175,21.508333333333333
0,3,13.175,21.508333333333333
0,4,13.175,21.508333333333333
0,0,13.175,20.475
0,1,13.175,20.475
0,2,13.175,20.475
0,3,13.175,20.475
0,4,13.175,20.475
0,5,13.191666666666666,20.991666666666667
0,6,13.191666666666666,21.766666666666666
0,5,13.208333333333334,22.0
0,0,13.225,19.85
0,1,13.225,19.85
0,2,13.225,19.85
0,3,13.225,19.85
0,4,13.225,19.85
0,0,13.225,19.975
0,1,13.225,19.975
0,2,13.225,19.975
0,3,13.225,19.975
0,4,13.225,19.975
0,6,13.241666666666667,21.908333333333335
0,0,13.25,20.883333333333333
0,1,13.25,20.883333333333333
0,2,13.25,20.883333333333333
0,3,13.25,20.883333333333333
0,4,13.25,20.883333333333333
0,6,13.266666666666667,21.35
0,6,13.266666666666667,21.841666666666665
0,0,13.308333333333334,21.583333333333332
0,1,13.308333333333334,21.583333333333332
0,2,13.308333333333334,21.583333333333332
0,3,13.308333333333334,21.583333333333332
0,4,13.308333333333334,21.583333333333332
0,5,13.325,20.266666666666666
0,6,13.333333333333334,21.983333333333334
0,5,13.35,21.608333333333334
0,5,13.35,21.733333333333334
0,5,13.366666666666667,22.0
0,0,13.38888888888889,19.966666666666665
0,1,13.38888888888889,19.966666666666665
0,2,13.38888888888889,19.966666666666665
0,3,13.38888888888889,19.966666666666665
0,4,13.38888888888889,19.966666666666665
0,6,13.425,20.733333333333334
0,0,13.433333333333334,21.783333333333335
0,1,13.433333333333334,21.783333333333335
0,2,13.433333333333334,21.783333333333335
0,3,13.433333333333334,21.783333333333335
0,4,13.433333333333334,21.783333333333335
0,0,13.491666666666667,21.433333333333334
0,1,13.491666666666667,21.433333333333334
0,2,13.491666666666667,21.433333333333334
0,3,13.491666666666667,21.433333333333334
0,4,13.491666666666667,21.433333333333334
0,0,13.511111111111111,20.783333333333335
0,1,13.511111111111111,20.783333333333335
0,2,13.511111111111111,20.783333333333335
0,3,13.511111111111111,20.783333333333335
0,4,13.511111111111111,20.783333333333335
0,6,13.525,21.125
0,5,13.541666666666666,21.433333333333334
0,6,13.55,22.0
0,0,13.558333333333334,20.35
0,1,13.558333333333334,20.35
0,2,13.558333333333334,20.35
0,3,13.558333333333334,20.35
0,4,13.558333333333334,20.35
0,0,13.6,22.0
0,1,13.6,22.0
0,2,13.6,22.0
0,3,13.6,22.0
0,4,13.6,22.0
0,6,13.616666666666667,21.608333333333334
0,6,13.666666666666666,20.258333333333333
0,0,13.675,20.775
0,1,13.675,20.775
0,2,13.675,20.775
0,3,13.675,20.775
0,4,13.675,20.775
0,5,13.691666666666666,21.908333333333335
0,0,13.716666666666667,21.216666666666665
0,1,13.716666666666667,21.216666666666665
0,2,13.716666666666667,21.216666666666665
0,3,13.716666666666667,21.216666666666665
0,4,13.716666666666667,21.216666666666665
0,0,13.775,20.916666666666668
0,1,13.775,20.916666666666668
0,2,13.775,20.916666666666668
0,3,13.775,20.916666666666668
0,4,13.775,20.916666666666668
0,0,13.8,20.875
0,1,13.8,20.875
0,2,13.8,20.875
0,3,13.8,20.875
0,4,13.8,20.875
0,6,13.858333333333333,21.291666666666668
0,0,13.875,21.416666666666668
0,1,13.875,21.416666666666668
0,2,13.875,21.416666666666668
0,3,13.875,21.416666666666668
0,4,13.875,21.416666666666668
0,6,13.925,21.466666666666665
0,5,13.95,20.608333333333334
0,6,14.058333333333334,20.266666666666666
0,5,14.1,21.233333333333334
0,6,14.183333333333334,21.733333333333334
0,5,14.183333333333334,21.716666666666665
0,0,14.233333333333333,21.258333333333333
0,1,14.233333333333333,21.258333333333333
0,2,14.233333333333333,21.258333333333333
0,3,14.233333333333333,21.258333333333333
0,4,14.233333333333333,21.258333333333333
0,0,14.511111111111111,21.258333333333333
0,1,14.511111111111111,21.258333333333333
0,2,14.511111111111111,21.258333333333333
0,3,14.511111111111111,21.258333333333333
0,4,14.511111111111111,21.258333333333333
0,0,14.675,21.316666666666666
0,1,14.675,21.316666666666666
0,2,14.675,21.316666666666666
0,3,14.675,21.316666666666666
0,4,14.675,21.316666666666666
0,0,14.675,21.291666666666668
0,1,14.675,21.291666666666668
0,2,14.675,21.291666666666668
0,3,14.675,21.291666666666668
0,4,14.675,21.291666666666668
0,5,14.891666666666667,21.908333333333335
0,5,13.083333333333334,22.366666666666667
0,0,13.122222222222222,22.408333333333335
0,1,13.122222222222222,22.408333333333335
0,2,13.122222222222222,22.408333333333335
0,3,13.122222222222222,22.408333333333335
0,4,13.122222222222222,22.408333333333335
0,0,13.252777777777778,22.258333333333333
0,1,13.252777777777778,22.258333333333333
0,2,13.252777777777778,22.258333333333333
0,3,13.252777777777778,22.258333333333333
0,4,13.252777777777778,22.258333333333333
0,5,13.283333333333333,22.116666666666667
0,0,13.383333333333333,22.866666666666667
0,1,13.383333333333333,22.866666666666667
0,2,13.383333333333333,22.866666666666667
0,3,13.383333333333333,22.866666666666667
0,4,13.383333333333333,22.866666666666667
0,0,13.391666666666667,22.016666666666666
0,1,13.391666666666667,22.016666666666666
0,2,13.391666666666667,22.016666666666666
0,3,13.391666666666667,22.016666666666666
0,4,13.391666666666667,22.016666666666666
0,5,13.433333333333334,22.416666666666668
0,6,13.433333333333334,22.341666666666665
0,0,13.455555555555556,22.775
0,1,13.455555555555556,22.775
0,2,13.455555555555556,22.775
0,3,13.455555555555556,22.775
0,4,13.455555555555556,22.775
0,6,13.491666666666667,22.841666666666665
0,0,13.508333333333333,22.825
0,1,13.508333333333333,22.825
0,2,13.508333333333333,22.825
0,3,13.508333333333333,22.825
0,4,13.508333333333333,22.825
0,6,13.516666666666667,22.366666666666667
0,0,13.525,22.983333333333334
0,1,13.525,22.983333333333334
0,2,13.525,22.983333333333334
0,3,13.525,22.983333333333334
0,4,13.525,22.983333333333334
0,5,13.525,22.025
0,6,13.575,22.408333333333335
0,5,13.583333333333334,22.866666666666667
0,6,13.591666666666667,22.466666666666665
0,6,13.6,22.416666666666668
0,0,13.622222222222222,22.491666666666667
0,1,13.622222222222222,22.491666666666667
0,2,13.622222222222222,22.491666666666667
0,3,13.622222222222222,22.491666666666667
0,4,13.622222222222222,22.491666666666667
0,6,13.625,22.366666666666667
0,0,13.641666666666667,22.4
0,1,13.641666666666667,22.4
0,2,13.641666666666667,22.4
0,3,13.641666666666667,22.4
0,4,13.641666666666667,22.4
0,0,13.675,22.341666666666665
0,1,13.675,22.341666666666665
0,2,13.675,22.341666666666665
0,3,13.675,22.341666666666665
0,4,13.675,22.341666666666665
0,0,13.675,22.408333333333335
0,1,13.675,22.408333333333335
0,2,13.675,22.408333333333335
0,3,13.675,22.408333333333335
0,4,13.675,22.408333333333335
0,0,13.677777777777777,22.025
0,1,13.677777777777777,22.025
0,2,13.677777777777777,22.025
0,3,13.677777777777777,22.025
0,4,13.677777777777777,22.025
0,0,13.691666666666666,22.608333333333334
0,1,13.691666666666666,22.608333333333334
0,2,13.691666666666666,22.608333333333334
0,3,13.691666666666666,22.608333333333334
0,4,13.691666666666666,22.608333333333334
0,6,13.716666666666667,22.141666666666666
0,6,13.716666666666667,22.158333333333335
0,5,13.725,22.408333333333335
0,0,13.725,22.141666666666666
0,1,13.725,22.141666666666666
0,2,13.725,22.141666666666666
0,3,13.725,22.141666666666666
0,4,13.725,22.141666666666666
0,0,13.741666666666667,22.425
0,1,13.741666666666667,22.425
0,2,13.741666666666667,22.425
0,3,13.741666666666667,22.425
0,4,13.741666666666667,22.425
0,5,13.75,22.341666666666665
0,0,13.766666666666667,22.691666666666666
0,1,13.766666666666667,22.691666666666666
0,2,13.766666666666667,22.691666666666666
0,3,13.766666666666667,22.691666666666666
0,4,13.766666666666667,22.691666666666666
0,5,13.766666666666667,22.466666666666665
0,0,13.808333333333334,22.083333333333332
0,1,13.808333333333334,22.083333333333332
0,2,13.808333333333334,22.083333333333332
0,3,13.808333333333334,22.083333333333332
0,4,13.808333333333334,22.083333333333332
0,6,13.833333333333334,22.233333333333334
0,6,13.858333333333333,22.516666666666666
0,5,13.866666666666667,22.5
0,5,13.875,22.166666666666668
0,6,13.883333333333333,22.208333333333332
0,0,13.925,22.658333333333335
0,1,13.925,22.658333333333335
0,2,13.925,22.658333333333335
0,3,13.925,22.658333333333335
0,4,13.925,22.658333333333335
0,0,13.975,22.891666666666666
0,1,13.975,22.891666666666666
0,2,13.975,22.891666666666666
0,3,13.975,22.891666666666666
0,4,13.975,22.891666666666666
0,5,14.025,22.766666666666666
0,5,14.033333333333333,22.641666666666666
0,6,14.05,22.5
0,0,14.055555555555555,23.116666666666667
0,1,14.055555555555555,23.116666666666667
0,2,14.055555555555555,23.116666666666667
0,3,14.055555555555555,23.116666666666667
0,4,14.055555555555555,23.116666666666667
0,5,14.058333333333334,22.658333333333335
0,0,14.058333333333334,22.583333333333332
0,1,14.058333333333334,22.583333333333332
0,2,14.058333333333334,22.583333333333332
0,3,14.058333333333334,22.583333333333332
0,4,14.058333333333334,22.583333333333332
0,0,14.066666666666666,22.825
0,1,14.066666666666666,22.825
0,2,14.066666666666666,22.825
0,3,14.066666666666666,22.825
0,4,14.066666666666666,22.825
0,6,14.075,22.658333333333335
0,0,14.091666666666667,22.483333333333334
0,1,14.091666666666667,22.483333333333334
0,2,14.091666666666667,22.483333333333334
0,3,14.091666666666667,22.483333333333334
0,4,14.091666666666667,22.483333333333334
0,0,14.091666666666667,22.5
0,1,14.091666666666667,22.5
0,2,14.091666666666667,22.5
0,3,14.091666666666667,22.5
0,4,14.091666666666667,22.5
0,6,14.1,23.466666666666665
0,6,14.1,22.491666666666667
0,0,14.116666666666667,23.058333333333334
0,1,14.116666666666667,23.058333333333334
0,2,14.116666666666667,23.058333333333334
0,3,14.116666666666667,23.058333333333334
0,4,14.116666666666667,23.058333333333334
0,6,14.141666666666667,22.866666666666667
0,6,14.166666666666666,22.741666666666667
0,0,14.183333333333334,23.041666666666668
0,1,14.183333333333334,23.041666666666668
0,2,14.183333333333334,23.041666666666668
0,3,14.183333333333334,23.041666666666668
0,4,14.183333333333334,23.041666666666668
0,0,14.191666666666666,22.858333333333334
0,1,14.191666666666666,22.858333333333334
0,2,14.191666666666666,22.858333333333334
0,3,14.191666666666666,22.858333333333334
0,4,14.191666666666666,22.858333333333334
0,0,14.2,23.0
0,1,14.2,23.0
0,2,14.2,23.0
0,3,14.2,23.0
0,4,14.2,23.0
0,6,14.241666666666667,22.341666666666665
0,5,14.25,22.841666666666665
0,0,14.25,22.366666666666667
0,1,14.25,22.366666666666667
0,2,14.25,22.366666666666667
0,3,14.25,22.366666666666667
0,4,14.25,22.366666666666667
0,0,14.258333333333333,22.766666666666666
0,1,14.258333333333333,22.766666666666666
0,2,14.258333333333333,22.766666666666666
0,3,14.258333333333333,22.766666666666666
0,4,14.258333333333333,22.766666666666666
0,6,14.266666666666667,22.983333333333334
0,0,14.266666666666667,22.741666666666667
0,1,14.266666666666667,22.741666666666667
0,2,14.266666666666667,22.741666666666667
0,3,14.266666666666667,22.741666666666667
0,4,14.266666666666667,22.741666666666667
0,0,14.275,23.266666666666666
0,1,14.275,23.266666666666666
0,2,14.275,23.266666666666666
0,3,14.275,23.266666666666666
0,4,14.275,23.266666666666666
0,0,14.308333333333334,22.783333333333335
0,1,14.308333333333334,22.783333333333335
0,2,14.308333333333334,22.783333333333335
0,3,14.308333333333334,22.783333333333335
0,4,14.308333333333334,22.783333333333335
0,0,14.333333333333334,22.433333333333334
0,1,14.333333333333334,22.433333333333334
0,2,14.333333333333334,22.433333333333334
0,3,14.333333333333334,22.433333333333334
0,4,14.333333333333334,22.433333333333334
0,5,14.35,23.283333333333335
0,5,14.35,23.216666666666665
0,0,14.375,23.258333333333333
0,1,14.375,23.258333333333333
0,2,14.375,23.258333333333333
0,3,14.375,23.258333333333333
0,4,14.375,23.258333333333333
0,6,14.383333333333333,22.891666666666666
0,0,14.38888888888889,22.791666666666668
0,1,14.38888888888889,22.791666666666668
0,2,14.38888888888889,22.791666666666668
0,3,14.38888888888889,22.791666666666668
0,4,14.38888888888889,22.791666666666668
0,5,14.391666666666667,22.366666666666667
0,5,14.433333333333334,22.808333333333334
0,0,14.441666666666666,22.116666666666667
0,1,14.441666666666666,22.116666666666667
0,2,14.441666666666666,22.116666666666667
0,3,14.441666666666666,22.116666666666667
0,4,14.441666666666666,22.116666666666667
0,0,14.455555555555556,22.716666666666665
0,1,14.455555555555556,22.716666666666665
0,2,14.455555555555556,22.716666666666665
0,3,14.455555555555556,22.716666666666665
0,4,14.455555555555556,22.716666666666665
0,0,14.455555555555556,22.458333333333332
0,1,14.455555555555556,22.458333333333332
0,2,14.455555555555556,22.458333333333332
0,3,14.455555555555556,22.458333333333332
0,4,14.455555555555556,22.458333333333332
0,5,14.516666666666667,23.916666666666668
0,6,14.516666666666667,23.466666666666665
0,0,14.516666666666667,22.616666666666667
0,1,14.516666666666667,22.616666666666667
0,2,14.516666666666667,22.616666666666667
0,3,14.516666666666667,22.616666666666667
0,4,14.516666666666667,22.616666666666667
0,5,14.533333333333333,23.0
0,5,14.541666666666666,22.783333333333335
0,6,14.55,22.825
0,0,14.558333333333334,23.158333333333335
0,1,14.558333333333334,23.158333333333335
0,2,14.558333333333334,23.158333333333335
0,3,14.558333333333334,23.158333333333335
0,4,14.558333333333334,23.158333333333335
0,0,14.566666666666666,22.216666666666665
0,1,14.566666666666666,22.216666666666665
0,2,14.566666666666666,22.216666666666665
0,3,14.566666666666666,22.216666666666665
0,4,14.566666666666666,22.216666666666665
0,5,14.641666666666667,22.858333333333334
0,5,14.658333333333333,23.483333333333334
0,5,14.666666666666666,22.983333333333334
0,0,14.691666666666666,24.15
0,1,14.691666666666666,24.15
0,2,14.691666666666666,24.15
0,3,14.691666666666666,24.15
0,4,14.691666666666666,24.15
0,5,14.7,24.191666666666666
0,5,14.708333333333334,23.425
0,6,14.716666666666667,24.191666666666666
0,0,14.733333333333333,23.425
0,1,14.733333333333333,23.425
0,2,14.733333333333333,23.425
0,3,14.733333333333333,23.425
0,4,14.733333333333333,23.425
0,0,14.741666666666667,23.716666666666665
0,1,14.741666666666667,23.716666666666665
0,2,14.741666666666667,23.716666666666665
0,3,14.741666666666667,23.716666666666665
0,4,14.741666666666667,23.716666666666665
0,5,14.766666666666667,24.15
0,0,14.833333333333334,22.616666666666667
0,1,14.833333333333334,22.616666666666667
0,2,14.833333333333334,22.616666666666667
0,3,14.833333333333334,22.616666666666667
0,4,14.833333333333334,22.616666666666667
0,5,14.866666666666667,22.908333333333335
0,0,14.975,22.908333333333335
0,1,14.975,22.908333333333335
0,2,14.975,22.908333333333335
0,3,14.975,22.908333333333335
0,4,14.975,22.908333333333335
0,0,14.975,22.025
0,1,14.975,22.025
0,2,14.975,22.025
0,3,14.975,22.025
0,4,14.975,22.025
0,0,14.983333333333333,24.45
0,1,14.983333333333333,24.45
0,2,14.983333333333333,24.45
0,3,14.983333333333333,24.45
0,4,14.983333333333333,24.45
0,0,14.991666666666667,24.316666666666666
0,1,14.991666666666667,24.316666666666666
0,2,14.991666666666667,24.316666666666666
0,3,14.991666666666667,24.316666666666666
0,4,14.991666666666667,24.316666666666666
0,6,15.016666666666667,23.916666666666668
0,6,15.016666666666667,24.2
0,5,15.041666666666666,23.675
0,6,15.05,22.908333333333335
0,0,15.116666666666667,23.416666666666668
0,1,15.116666666666667,23.416666666666668
0,2,15.116666666666667,23.416666666666668
0,3,15.116666666666667,23.416666666666668
0,4,15.116666666666667,23.416666666666668
0,5,15.158333333333333,22.241666666666667
0,0,15.183333333333334,24.2
0,1,15.183333333333334,24.2
0,2,15.183333333333334,24.2
0,3,15.183333333333334,24.2
0,4,15.183333333333334,24.2
0,0,15.191666666666666,24.65
0,1,15.191666666666666,24.65
0,2,15.191666666666666,24.65
0,3,15.191666666666666,24.65
0,4,15.191666666666666,24.65
0,6,15.216666666666667,23.675
0,5,15.266666666666667,24.65
0,0,15.266666666666667,24.741666666666667
0,1,15.266666666666667,24.741666666666667
0,2,15.266666666666667,24.741666666666667
0,3,15.266666666666667,24.741666666666667
0,4,15.266666666666667,24.741666666666667
0,6,15.366666666666667,23.283333333333335
0,5,15.366666666666667,22.141666666666666
0,5,15.416666666666666,23.533333333333335
0,6,15.433333333333334,23.275
0,0,15.475,24.516666666666666
0,1,15.475,24.516666666666666
0,2,15.475,24.516666666666666
0,3,15.475,24.516666666666666
0,4,15.475,24.516666666666666
0,6,15.516666666666667,23.058333333333334
0,0,15.525,24.016666666666666
0,1,15.525,24.016666666666666
0,2,15.525,24.016666666666666
0,3,15.525,24.016666666666666
0,4,15.525,24.016666666666666
0,6,15.525,24.833333333333332
0,6,15.55,24.016666666666666
0,0,15.575,24.266666666666666
0,1,15.575,24.266666666666666
0,2,15.575,24.266666666666666
0,3,15.575,24.266666666666666
0,4,15.575,24.266666666666666
0,0,15.608333333333333,23.866666666666667
0,1,15.608333333333333,23.866666666666667
0,2,15.608333333333333,23.866666666666667
0,3,15.608333333333333,23.866666666666667
0,4,15.608333333333333,23.866666666666667
0,0,15.616666666666667,23.466666666666665
0,1,15.616666666666667,23.466666666666665
0,2,15.616666666666667,23.466666666666665
0,3,15.616666666666667,23.466666666666665
0,4,15.616666666666667,23.466666666666665
0,6,15.625,23.883333333333333
0,5,15.683333333333334,23.058333333333334
0,6,15.691666666666666,24.416666666666668
0,5,15.7,24.016666666666666
0,5,15.708333333333334,24.641666666666666
0,6,15.758333333333333,24.991666666666667
0,5,15.766666666666667,25.241666666666667
0,0,15.808333333333334,24.566666666666666
0,1,15.808333333333334,24.566666666666666
0,2,15.808333333333334,24.566666666666666
0,3,15.808333333333334,24.566666666666666
0,4,15.808333333333334,24.566666666666666
0,0,15.833333333333334,24.858333333333334
0,1,15.833333333333334,24.858333333333334
0,2,15.833333333333334,24.858333333333334
0,3,15.833333333333334,24.858333333333334
0,4,15.833333333333334,24.858333333333334
0,0,15.833333333333334,24.416666666666668
0,1,15.833333333333334,24.416666666666668
0,2,15.833333333333334,24.416666666666668
0,3,15.833333333333334,24.416666666666668
0,4,15.833333333333334,24.416666666666668
0,0,15.83611111111111,24.558333333333334
0,1,15.83611111111111,24.558333333333334
0,2,15.83611111111111,24.558333333333334
0,3,15.83611111111111,24.558333333333334
0,4,15.83611111111111,24.558333333333334
0,5,15.858333333333333,24.266666666666666
0,5,15.883333333333333,24.7
0,5,15.891666666666667,23.883333333333333
0,5,15.9,24.866666666666667
0,0,15.916666666666666,24.95
0,1,15.916666666666666,24.95
0,2,15.916666666666666,24.95
0,3,15.916666666666666,24.95
0,4,15.916666666666666,24.95
0,5,15.95,25.191666666666666
0,0,15.966666666666667,25.241666666666667
0,1,15.966666666666667,25.241666666666667
0,2,15.966666666666667,25.241666666666667
0,3,15.966666666666667,25.241666666666667
0,4,15.966666666666667,25.241666666666667
0,5,15.991666666666667,24.883333333333333
0,0,16.002777777777776,24.883333333333333
0,1,16.002777777777776,24.883333333333333
0,2,16.002777777777776,24.883333333333333
0,3,16.002777777777776,24.883333333333333
0,4,16.002777777777776,24.883333333333333
0,0,16.008333333333333,24.883333333333333
0,1,16.008333333333333,24.883333333333333
0,2,16.008333333333333,24.883333333333333
0,3,16.008333333333333,24.883333333333333
0,4,16.008333333333333,24.883333333333333
0,5,16.016666666666666,23.466666666666665
0,6,16.016666666666666,23.216666666666665
0,5,16.041666666666668,25.0
0,5,16.041666666666668,24.416666666666668
0,0,16.05,25.191666666666666
0,1,16.05,25.191666666666666
0,2,16.05,25.191666666666666
0,3,16.05,25.191666666666666
0,4,16.05,25.191666666666666
0,6,16.05,24.516666666666666
0,5,16.058333333333334,25.391666666666666
0,5,16.066666666666666,25.15
0,0,16.083333333333332,24.516666666666666
0,1,16.083333333333332,24.516666666666666
0,2,16.083333333333332,24.516666666666666
0,3,16.083333333333332,24.516666666666666
0,4,16.083333333333332,24.516666666666666
0,6,16.1,24.691666666666666
0,0,16.15,24.616666666666667
0,1,16.15,24.616666666666667
0,2,16.15,24.616666666666667
0,3,16.15,24.616666666666667
0,4,16.15,24.616666666666667
0,5,16.15,24.616666666666667
0,0,16.169444444444444,24.858333333333334
0,1,16.169444444444444,24.858333333333334
0,2,16.169444444444444,24.858333333333334
0,3,16.169444444444444,24.858333333333334
0,4,16.169444444444444,24.858333333333334
0,6,16.191666666666666,24.866666666666667
0,5,16.191666666666666,24.766666666666666
0,6,16.191666666666666,24.266666666666666
0,5,16.2,24.516666666666666
0,5,16.208333333333332,24.558333333333334
0,0,16.225,25.083333333333332
0,1,16.225,25.083333333333332
0,2,16.225,25.083333333333332
0,3,16.225,25.083333333333332
0,4,16.225,25.083333333333332
0,6,16.241666666666667,25.4
0,6,16.241666666666667,25.191666666666666
0,0,16.25,25.2
0,1,16.25,25.2
0,2,16.25,25.2
0,3,16.25,25.2
0,4,16.25,25.2
0,6,16.258333333333333,24.741666666666667
0,5,16.266666666666666,24.891666666666666
0,6,16.266666666666666,24.891666666666666
0,0,16.266666666666666,25.1
0,1,16.266666666666666,25.1
0,2,16.266666666666666,25.1
0,3,16.266666666666666,25.1
0,4,16.266666666666666,25.1
0,5,16.266666666666666,24.741666666666667
0,6,16.266666666666666,25.2
0,0,16.27777777777778,25.141666666666666
0,1,16.27777777777778,25.141666666666666
0,2,16.27777777777778,25.141666666666666
0,3,16.27777777777778,25.141666666666666
0,4,16.27777777777778,25.141666666666666
0,6,16.333333333333332,24.566666666666666
0,5,16.35,24.783333333333335
0,0,16.358333333333334,25.166666666666668
0,1,16.358333333333334,25.166666666666668
0,2,16.358333333333334,25.166666666666668
0,3,16.358333333333334,25.166666666666668
0,4,16.358333333333334,25.166666666666668
0,5,16.358333333333334,24.516666666666666
0,0,16.366666666666667,25.525
0,1,16.366666666666667,25.525
0,2,16.366666666666667,25.525
0,3,16.366666666666667,25.525
0,4,16.366666666666667,25.525
0,6,16.366666666666667,24.616666666666667
0,5,16.366666666666667,24.766666666666666
0,5,16.375,24.858333333333334
0,6,16.383333333333333,24.766666666666666
0,0,16.416666666666668,24.766666666666666
0,1,16.416666666666668,24.766666666666666
0,2,16.416666666666668,24.766666666666666
0,3,16.416666666666668,24.766666666666666
0,4,16.416666666666668,24.766666666666666
0,6,16.425,25.1
0,5,16.433333333333334,25.1
0,0,16.45,25.033333333333335
0,1,16.45,25.033333333333335
0,2,16.45,25.033333333333335
0,3,16.45,25.033333333333335
0,4,16.45,25.033333333333335
0,0,16.458333333333332,25.391666666666666
0,1,16.458333333333332,25.391666666666666
0,2,16.458333333333332,25.391666666666666
0,3,16.458333333333332,25.391666666666666
0,4,16.458333333333332,25.391666666666666
0,0,16.475,24.766666666666666
0,1,16.475,24.766666666666666
0,2,16.475,24.766666666666666
0,3,16.475,24.766666666666666
0,4,16.475,24.766666666666666
0,6,16.491666666666667,24.783333333333335
0,0,16.516666666666666,25.0
0,1,16.516666666666666,25.0
0,2,16.516666666666666,25.0
0,3,16.516666666666666,25.0
0,4,16.516666666666666,25.0
0,0,16.525,24.191666666666666
0,1,16.525,24.191666666666666
0,2,16.525,24.191666666666666
0,3,16.525,24.191666666666666
0,4,16.525,24.191666666666666
0,0,16.55,24.783333333333335
0,1,16.55,24.783333333333335
0,2,16.55,24.783333333333335
0,3,16.55,24.783333333333335
0,4,16.55,24.783333333333335
0,5,16.558333333333334,25.166666666666668
0,5,16.583333333333332,24.2
0,6,16.625,24.4
0,5,16.65,25.033333333333335
0,0,16.675,24.583333333333332
0,1,16.675,24.583333333333332
0,2,16.675,24.583333333333332
0,3,16.675,24.583333333333332
0,4,16.675,24.583333333333332
0,5,16.691666666666666,24.583333333333332
0,0,16.708333333333332,24.641666666666666
0,1,16.708333333333332,24.641666666666666
0,2,16.708333333333332,24.641666666666666
0,3,16.708333333333332,24.641666666666666
0,4,16.708333333333332,24.641666666666666
0,0,16.72222222222222,25.483333333333334
0,1,16.72222222222222,25.483333333333334
0,2,16.72222222222222,25.483333333333334
0,3,16.72222222222222,25.483333333333334
0,4,16.72222222222222,25.483333333333334
0,5,16.75,25.283333333333335
0,0,16.758333333333333,25.558333333333334
0,1,16.758333333333333,25.558333333333334
0,2,16.758333333333333,25.558333333333334
0,3,16.758333333333333,25.558333333333334
0,4,16.758333333333333,25.558333333333334
0,6,16.766666666666666,25.05
0,5,16.766666666666666,24.991666666666667
0,5,16.783333333333335,24.45
0,6,16.791666666666668,24.15
0,6,16.858333333333334,24.583333333333332
0,6,16.866666666666667,25.033333333333335
0,0,16.875,24.833333333333332
0,1,16.875,24.833333333333332
0,2,16.875,24.833333333333332
0,3,16.875,24.833333333333332
0,4,16.875,24.833333333333332
0,6,16.883333333333333,25.016666666666666
0,5,16.891666666666666,24.4
0,5,16.891666666666666,25.25
0,6,16.891666666666666,24.45
0,6,16.908333333333335,25.25
0,5,16.933333333333334,25.05
0,0,16.933333333333334,25.391666666666666
0,1,16.933333333333334,25.391666666666666
0,2,16.933333333333334,25.391666666666666
0,3,16.933333333333334,25.391666666666666
0,4,16.933333333333334,25.391666666666666
0,6,16.933333333333334,25.0
0,0,16.95,25.283333333333335
0,1,16.95,25.283333333333335
0,2,16.95,25.283333333333335
0,3,16.95,25.283333333333335
0,4,16.95,25.283333333333335
0,0,16.958333333333332,25.25
0,1,16.958333333333332,25.25
0,2,16.958333333333332,25.25
0,3,16.958333333333332,25.25
0,4,16.958333333333332,25.25
0,0,16.983333333333334,24.7
0,1,16.983333333333334,24.7
0,2,16.983333333333334,24.7
0,3,16.983333333333334,24.7
0,4,16.983333333333334,24.7
0,5,16.991666666666667,24.316666666666666
0,0,17.025,24.4
0,1,17.025,24.4
0,2,17.025,24.4
0,3,17.025,24.4
0,4,17.025,24.4
0,5,17.041666666666668,25.391666666666666
0,6,17.05,23.641666666666666
0,5,17.058333333333334,25.4
0,0,17.066666666666666,24.991666666666667
0,1,17.066666666666666,24.991666666666667
0,2,17.066666666666666,24.991666666666667
0,3,17.066666666666666,24.991666666666667
0,4,17.066666666666666,24.991666666666667
0,6,17.116666666666667,25.283333333333335
0,5,17.141666666666666,24.983333333333334
0,0,17.191666666666666,24.983333333333334
0,1,17.191666666666666,24.983333333333334
0,2,17.191666666666666,24.983333333333334
0,3,17.191666666666666,24.983333333333334
0,4,17.191666666666666,24.983333333333334
0,5,17.191666666666666,24.833333333333332
0,5,17.2,25.016666666666666
0,0,17.216666666666665,25.016666666666666
0,1,17.216666666666665,25.016666666666666
0,2,17.216666666666665,25.016666666666666
0,3,17.216666666666665,25.016666666666666
0,4,17.216666666666665,25.016666666666666
0,5,17.225,25.208333333333332
0,6,17.241666666666667,25.166666666666668
0,6,17.258333333333333,25.241666666666667
0,0,17.275,25.083333333333332
0,1,17.275,25.083333333333332
0,2,17.275,25.083333333333332
0,3,17.275,25.083333333333332
0,4,17.275,25.083333333333332
0,6,17.291666666666668,24.65
0,0,17.341666666666665,25.266666666666666
0,1,17.341666666666665,25.266666666666666
0,2,17.341666666666665,25.266666666666666
0,3,17.341666666666665,25.266666666666666
0,4,17.341666666666665,25.266666666666666
0,0,17.35,25.533333333333335
0,1,17.35,25.533333333333335
0,2,17.35,25.533333333333335
0,3,17.35,25.533333333333335
0,4,17.35,25.533333333333335
0,5,17.35,25.533333333333335
0,5,17.358333333333334,25.083333333333332
0,6,17.358333333333334,25.083333333333332
0,5,17.366666666666667,25.266666666666666
0,6,17.383333333333333,25.266666666666666
0,6,17.391666666666666,24.7
0,6,17.425,25.525
0,5,17.433333333333334,24.691666666666666
0,0,17.447222222222223,24.683333333333334
0,1,17.447222222222223,24.683333333333334
0,2,17.447222222222223,24.683333333333334
0,3,17.447222222222223,24.683333333333334
0,4,17.447222222222223,24.683333333333334
0,6,17.458333333333332,24.983333333333334
0,6,17.516666666666666,24.95
0,0,17.558333333333334,25.208333333333332
0,1,17.558333333333334,25.208333333333332
0,2,17.558333333333334,25.208333333333332
0,3,17.558333333333334,25.208333333333332
0,4,17.558333333333334,25.208333333333332
0,6,17.575,25.208333333333332
0,5,17.583333333333332,24.95
0,5,17.658333333333335,24.566666666666666
0,6,17.666666666666668,24.316666666666666
0,6,17.691666666666666,25.15
0,5,17.783333333333335,25.2
0,0,17.858333333333334,25.4
0,1,17.858333333333334,25.4
0,2,17.858333333333334,25.4
0,3,17.858333333333334,25.4
0,4,17.858333333333334,25.4
0,6,17.858333333333334,24.516666666666666
0,6,17.883333333333333,25.516666666666666
0,6,18.0,24.883333333333333
0,6,18.025,24.641666666666666
0,5,18.033333333333335,25.516666666666666
0,6,18.05,24.558333333333334
0,0,18.091666666666665,25.516666666666666
0,1,18.091666666666665,25.516666666666666
0,2,18.091666666666665,25.516666666666666
0,3,18.091666666666665,25.516666666666666
0,4,18.091666666666665,25.516666666666666
0,5,18.1,25.091666666666665
0,6,18.191666666666666,25.491666666666667
0,6,18.191666666666666,24.766666666666666
0,5,18.233333333333334,25.491666666666667
0,6,18.241666666666667,25.391666666666666
0,0,18.366666666666667,25.05
0,1,18.366666666666667,25.05
0,2,18.366666666666667,25.05
0,3,18.366666666666667,25.05
0,4,18.366666666666667,25.05
0,6,18.383333333333333,24.858333333333334
0,6,18.433333333333334,25.091666666666665
0,5,18.558333333333334,25.558333333333334
0,6,18.575,25.558333333333334
0,5,18.766666666666666,25.525
0,6,18.866666666666667,25.533333333333335
0,6,19.1,25.391666666666666
0,5,6.516666666666667,15.316666666666666
0,0,6.516666666666667,15.866666666666667
0,1,6.516666666666667,15.866666666666667
0,2,6.516666666666667,15.866666666666667
0,3,6.516666666666667,15.866666666666667
0,4,6.516666666666667,15.866666666666667
0,0,6.566666666666666,15.433333333333334
0,1,6.566666666666666,15.433333333333334
0,2,6.566666666666666,15.433333333333334
0,3,6.566666666666666,15.433333333333334
0,4,6.566666666666666,15.433333333333334
0,0,6.625,15.2
0,1,6.625,15.2
0,2,6.625,15.2
0,3,6.625,15.2
0,4,6.625,15.2
0,6,6.633333333333334,15.45
0,6,6.7,15.85
0,5,6.7,16.033333333333335
0,5,6.7,15.266666666666667
0,0,6.791666666666667,15.466666666666667
0,1,6.791666666666667,15.466666666666667
0,2,6.791666666666667,15.466666666666667
0,3,6.791666666666667,15.466666666666667
0,4,6.791666666666667,15.466666666666667
0,0,6.791666666666667,15.058333333333334
0,1,6.791666666666667,15.058333333333334
0,2,6.791666666666667,15.058333333333334
0,3,6.791666666666667,15.058333333333334
0,4,6.791666666666667,15.058333333333334
0,0,6.85,15.8
0,1,6.85,15.8
0,2,6.85,15.8
0,3,6.85,15.8
0,4,6.85,15.8
0,6,6.866666666666666,15.2
0,5,6.908333333333333,16.316666666666666
0,5,6.916666666666667,15.941666666666666
0,6,6.95,15.225
0,6,7.025,16.108333333333334
0,6,7.041666666666667,15.85
0,5,7.066666666666666,15.016666666666667
0,5,7.083333333333333,15.483333333333333
0,0,7.091666666666667,15.975
0,1,7.091666666666667,15.975
0,2,7.091666666666667,15.975
0,3,7.091666666666667,15.975
0,4,7.091666666666667,15.975
0,5,7.108333333333333,16.008333333333333
0,0,7.15,16.233333333333334
0,1,7.15,16.233333333333334
0,2,7.15,16.233333333333334
0,3,7.15,16.233333333333334
0,4,7.15,16.233333333333334
0,5,7.166666666666667,16.441666666666666
0,6,7.241666666666666,15.833333333333334
0,5,7.241666666666666,15.991666666666667
0,0,7.25,16.694444444444443
0,1,7.25,16.694444444444443
0,2,7.25,16.694444444444443
0,3,7.25,16.694444444444443
0,4,7.25,16.694444444444443
0,5,7.3,16.166666666666668
0,6,7.308333333333334,15.608333333333333
0,0,7.358333333333333,15.891666666666667
0,1,7.358333333333333,15.891666666666667
0,2,7.358333333333333,15.891666666666667
0,3,7.358333333333333,15.891666666666667
0,4,7.358333333333333,15.891666666666667
0,5,7.366666666666666,15.733333333333333
0,6,7.383333333333334,15.1
0,5,7.5,16.408333333333335
0,6,7.525,15.408333333333333
0,5,7.525,15.6
0,0,7.525,16.308333333333334
0,1,7.525,16.308333333333334
0,2,7.525,16.308333333333334
0,3,7.525,16.308333333333334
0,4,7.525,16.308333333333334
0,5,7.566666666666666,16.15
0,0,7.608333333333333,15.516666666666667
0,1,7.608333333333333,15.516666666666667
0,2,7.608333333333333,15.516666666666667
0,3,7.608333333333333,15.516666666666667
0,4,7.608333333333333,15.516666666666667
0,5,7.616666666666666,15.758333333333333
0,5,7.633333333333334,16.466666666666665
0,0,7.675,16.425
0,1,7.675,16.425
0,2,7.675,16.425
0,3,7.675,16.425
0,4,7.675,16.425
0,5,7.7,16.433333333333334
0,5,7.758333333333334,16.683333333333334
0,5,7.775,16.183333333333334
0,0,7.808333333333334,15.291666666666666
0,1,7.808333333333334,15.291666666666666
0,2,7.808333333333334,15.291666666666666
0,3,7.808333333333334,15.291666666666666
0,4,7.808333333333334,15.291666666666666
0,0,7.85,16.397222222222222
0,1,7.85,16.397222222222222
0,2,7.85,16.397222222222222
0,3,7.85,16.397222222222222
0,4,7.85,16.397222222222222
0,5,7.858333333333333,15.158333333333333
0,0,7.858333333333333,16.158333333333335
0,1,7.858333333333333,16.158333333333335
0,2,7.858333333333333,16.158333333333335
0,3,7.858333333333333,16.158333333333335
0,4,7.858333333333333,16.158333333333335
0,5,7.916666666666667,16.941666666666666
0,5,7.925,17.016666666666666
0,5,7.95,15.633333333333333
0,0,7.975,16.75
0,1,7.975,16.75
0,2,7.975,16.75
0,3,7.975,16.75
0,4,7.975,16.75
0,6,8.025,16.775
0,0,8.075,16.85
0,1,8.075,16.85
0,2,8.075,16.85
0,3,8.075,16.85
0,4,8.075,16.85
0,5,8.075,16.708333333333332
0,5,8.166666666666666,15.241666666666667
0,5,8.191666666666666,16.125
0,0,8.2,17.208333333333332
0,1,8.2,17.208333333333332
0,2,8.2,17.208333333333332
0,3,8.2,17.208333333333332
0,4,8.2,17.208333333333332
0,5,8.258333333333333,16.125
0,6,8.258333333333333,17.166666666666668
0,6,8.283333333333333,16.475
0,5,8.4,17.15
0,0,8.425,17.858333333333334
0,1,8.425,17.858333333333334
0,2,8.425,17.858333333333334
0,3,8.425,17.858333333333334
0,4,8.425,17.858333333333334
0,5,8.45,17.633333333333333
0,5,8.466666666666667,17.366666666666667
0,5,8.475,16.666666666666668
0,0,8.5,16.752777777777776
0,1,8.5,16.752777777777776
0,2,8.5,16.752777777777776
0,3,8.5,16.752777777777776
0,4,8.5,16.752777777777776
0,6,8.508333333333333,15.166666666666666
0,5,8.566666666666666,15.5
0,0,8.6,15.2
0,1,8.6,15.2
0,2,8.6,15.2
0,3,8.6,15.2
0,4,8.6,15.2
0,6,8.65,17.241666666666667
0,0,8.7,17.083333333333332
0,1,8.7,17.083333333333332
0,2,8.7,17.083333333333332
0,3,8.7,17.083333333333332
0,4,8.7,17.083333333333332
0,0,8.725,17.308333333333334
0,1,8.725,17.308333333333334
0,2,8.725,17.308333333333334
0,3,8.725,17.308333333333334
0,4,8.725,17.308333333333334
0,6,8.758333333333333,15.891666666666667
0,6,8.758333333333333,17.666666666666668
0,0,8.825,17.475
0,1,8.825,17.475
0,2,8.825,17.475
0,3,8.825,17.475
0,4,8.825,17.475
0,5,8.891666666666667,16.041666666666668
0,5,8.9,17.625
0,6,8.9,17.408333333333335
0,6,8.95,17.45
0,6,8.975,16.841666666666665
0,6,8.975,17.058333333333334
0,5,8.975,17.166666666666668
0,5,8.983333333333333,16.733333333333334
0,6,9.025,17.775
0,5,9.025,17.608333333333334
0,6,9.033333333333333,17.225
0,6,9.075,18.108333333333334
0,5,9.133333333333333,17.866666666666667
0,6,9.15,15.741666666666667
0,5,9.2,17.816666666666666
0,6,9.216666666666667,16.333333333333332
0,6,9.241666666666667,16.508333333333333
0,6,9.325,16.85
0,6,9.358333333333333,18.058333333333334
0,6,9.416666666666666,18.35
0,6,9.45,16.7
0,6,9.475,17.341666666666665
0,6,9.475,17.725
0,5,9.483333333333333,18.766666666666666
0,6,9.508333333333333,16.166666666666668
0,6,9.533333333333333,18.075
0,6,9.583333333333334,16.108333333333334
0,6,9.633333333333333,17.575
0,6,9.691666666666666,16.608333333333334
0,5,9.725,18.375
0,6,9.8,18.35
0,6,9.925,17.441666666666666
0,5,9.933333333333334,18.35
0,6,9.95,17.2
0,5,9.983333333333333,18.866666666666667
0,6,10.116666666666667,16.741666666666667
0,6,10.133333333333333,17.35
0,6,10.175,16.75
0,6,10.183333333333334,19.266666666666666
0,6,10.216666666666667,16.833333333333332
0,5,10.325,17.158333333333335
0,0,10.366666666666667,19.283333333333335
0,1,10.366666666666667,19.283333333333335
0,2,10.366666666666667,19.283333333333335
0,3,10.366666666666667,19.283333333333335
0,4,10.366666666666667,19.283333333333335
0,6,10.675,18.275
0,6,10.691666666666666,17.141666666666666
0,5,10.825,17.741666666666667
0,6,10.925,19.341666666666665
0,5,10.983333333333333,18.525
1,0,3.9833333333333334,17.208333333333332
1,1,3.9833333333333334,17.208333333333332
1,2,3.9833333333333334,17.208333333333332
1,3,3.9833333333333334,17.208333333333332
1,4,3.9833333333333334,17.208333333333332
1,0,4.0,17.608333333333334
1,1,4.0,17.608333333333334
1,2,4.0,17.608333333333334
1,3,4.0,17.608333333333334
1,4,4.0,17.608333333333334
1,0,4.141666666666667,15.933333333333334
1,1,4.141666666666667,15.933333333333334
1,2,4.141666666666667,15.933333333333334
1,3,4.141666666666667,15.933333333333334
1,4,4.141666666666667,15.933333333333334
1,0,4.175,17.55
1,1,4.175,17.55
1,2,4.175,17.55
1,3,4.175,17.55
1,4,4.175,17.55
1,0,4.25,17.983333333333334
1,1,4.25,17.983333333333334
1,2,4.25,17.983333333333334
1,3,4.25,17.983333333333334
1,4,4.25,17.983333333333334
1,0,4.25,16.7
1,1,4.25,16.7
1,2,4.25,16.7
1,3,4.25,16.7
1,4,4.25,16.7
1,0,4.316666666666666,16.758333333333333
1,1,4.316666666666666,16.758333333333333
1,2,4.316666666666666,16.758333333333333
1,3,4.316666666666666,16.758333333333333
1,4,4.316666666666666,16.758333333333333
1,0,4.375,17.6
1,1,4.375,17.6
1,2,4.375,17.6
1,3,4.375,17.6
1,4,4.375,17.6
1,0,4.483333333333333,17.908333333333335
1,1,4.483333333333333,17.908333333333335
1,2,4.483333333333333,17.908333333333335
1,3,4.483333333333333,17.908333333333335
1,4,4.483333333333333,17.908333333333335
1,0,4.483333333333333,17.033333333333335
1,1,4.483333333333333,17.033333333333335
1,2,4.483333333333333,17.033333333333335
1,3,4.483333333333333,17.033333333333335
1,4,4.483333333333333,17.033333333333335
1,5,4.5,17.041666666666668
1,0,4.508333333333334,15.166666666666666
1,1,4.508333333333334,15.166666666666666
1,2,4.508333333333334,15.166666666666666
1,3,4.508333333333334,15.166666666666666
1,4,4.508333333333334,15.166666666666666
1,0,4.525,15.891666666666667
1,1,4.525,15.891666666666667
1,2,4.525,15.891666666666667
1,3,4.525,15.891666666666667
1,4,4.525,15.891666666666667
1,0,4.533333333333333,15.952777777777778
1,1,4.533333333333333,15.952777777777778
1,2,4.533333333333333,15.952777777777778
1,3,4.533333333333333,15.952777777777778
1,4,4.533333333333333,15.952777777777778
1,0,4.633333333333334,17.558333333333334
1,1,4.633333333333334,17.558333333333334
1,2,4.633333333333334,17.558333333333334
1,3,4.633333333333334,17.558333333333334
1,4,4.633333333333334,17.558333333333334
1,0,4.641666666666667,17.333333333333332
1,1,4.641666666666667,17.333333333333332
1,2,4.641666666666667,17.333333333333332
1,3,4.641666666666667,17.333333333333332
1,4,4.641666666666667,17.333333333333332
1,0,4.658333333333333,17.15
1,1,4.658333333333333,17.15
1,2,4.658333333333333,17.15
1,3,4.658333333333333,17.15
1,4,4.658333333333333,17.15
1,0,4.666666666666667,17.95
1,1,4.666666666666667,17.95
1,2,4.666666666666667,17.95
1,3,4.666666666666667,17.95
1,4,4.666666666666667,17.95
1,5,4.716666666666667,16.85
1,5,4.808333333333334,16.491666666666667
1,5,4.883333333333334,16.208333333333332
1,0,4.908333333333333,18.716666666666665
1,1,4.908333333333333,18.716666666666665
1,2,4.908333333333333,18.716666666666665
1,3,4.908333333333333,18.716666666666665
1,4,4.908333333333333,18.716666666666665
1,5,4.925,16.35
1,0,4.966666666666667,16.758333333333333
1,1,4.966666666666667,16.758333333333333
1,2,4.966666666666667,16.758333333333333
1,3,4.966666666666667,16.758333333333333
1,4,4.966666666666667,16.758333333333333
1,0,5.0,17.06388888888889
1,1,5.0,17.06388888888889
1,2,5.0,17.06388888888889
1,3,5.0,17.06388888888889
1,4,5.0,17.06388888888889
1,0,5.016666666666667,15.916666666666666
1,1,5.016666666666667,15.916666666666666
1,2,5.016666666666667,15.916666666666666
1,3,5.016666666666667,15.916666666666666
1,4,5.016666666666667,15.916666666666666
1,0,5.075,17.091666666666665
1,1,5.075,17.091666666666665
1,2,5.075,17.091666666666665
1,3,5.075,17.091666666666665
1,4,5.075,17.091666666666665
1,0,5.083333333333333,17.541666666666668
1,1,5.083333333333333,17.541666666666668
1,2,5.083333333333333,17.541666666666668
1,3,5.083333333333333,17.541666666666668
1,4,5.083333333333333,17.541666666666668
1,0,5.091666666666667,18.633333333333333
1,1,5.091666666666667,18.633333333333333
1,2,5.091666666666667,18.633333333333333
1,3,5.091666666666667,18.633333333333333
1,4,5.091666666666667,18.633333333333333
1,0,5.108333333333333,17.8
1,1,5.108333333333333,17.8
1,2,5.108333333333333,17.8
1,3,5.108333333333333,17.8
1,4,5.108333333333333,17.8
1,0,5.408333333333333,16.258333333333333
1,1,5.408333333333333,16.258333333333333
1,2,5.408333333333333,16.258333333333333
1,3,5.408333333333333,16.258333333333333
1,4,5.408333333333333,16.258333333333333
1,0,5.425,16.863888888888887
1,1,5.425,16.863888888888887
1,2,5.425,16.863888888888887
1,3,5.425,16.863888888888887
1,4,5.425,16.863888888888887
1,0,5.45,16.733333333333334
1,1,5.45,16.733333333333334
1,2,5.45,16.733333333333334
1,3,5.45,16.733333333333334
1,4,5.45,16.733333333333334
1,0,5.608333333333333,19.366666666666667
1,1,5.608333333333333,19.366666666666667
1,2,5.608333333333333,19.366666666666667
1,3,5.608333333333333,19.366666666666667
1,4,5.608333333333333,19.366666666666667
1,0,5.65,18.9
1,1,5.65,18.9
1,2,5.65,18.9
1,3,5.65,18.9
1,4,5.65,18.9
1,0,5.666666666666667,18.008333333333333
1,1,5.666666666666667,18.008333333333333
1,2,5.666666666666667,18.008333333333333
1,3,5.666666666666667,18.008333333333333
1,4,5.666666666666667,18.008333333333333
1,0,5.7,19.525
1,1,5.7,19.525
1,2,5.7,19.525
1,3,5.7,19.525
1,4,5.7,19.525
1,0,5.8,18.891666666666666
1,1,5.8,18.891666666666666
1,2,5.8,18.891666666666666
1,3,5.8,18.891666666666666
1,4,5.8,18.891666666666666
1,0,5.85,18.758333333333333
1,1,5.85,18.758333333333333
1,2,5.85,18.758333333333333
1,3,5.85,18.758333333333333
1,4,5.85,18.758333333333333
1,0,5.941666666666666,18.6
1,1,5.941666666666666,18.6
1,2,5.941666666666666,18.6
1,3,5.941666666666666,18.6
1,4,5.941666666666666,18.6
1,0,5.95,18.95
1,1,5.95,18.95
1,2,5.95,18.95
1,3,5.95,18.95
1,4,5.95,18.95
1,0,5.975,19.483333333333334
1,1,5.975,19.483333333333334
1,2,5.975,19.483333333333334
1,3,5.975,19.483333333333334
1,4,5.975,19.483333333333334
1,5,5.991666666666666,17.15
1,0,6.008333333333334,18.825
1,1,6.008333333333334,18.825
1,2,6.008333333333334,18.825
1,3,6.008333333333334,18.825
1,4,6.008333333333334,18.825
1,0,6.025,17.197222222222223
1,1,6.025,17.197222222222223
1,2,6.025,17.197222222222223
1,3,6.025,17.197222222222223
1,4,6.025,17.197222222222223
1,0,6.05,18.35
1,1,6.05,18.35
1,2,6.05,18.35
1,3,6.05,18.35
1,4,6.05,18.35
1,0,6.1,17.958333333333332
1,1,6.1,17.958333333333332
1,2,6.1,17.958333333333332
1,3,6.1,17.958333333333332
1,4,6.1,17.958333333333332
1,0,6.175,19.216666666666665
1,1,6.175,19.216666666666665
1,2,6.175,19.216666666666665
1,3,6.175,19.216666666666665
1,4,6.175,19.216666666666665
1,0,6.183333333333334,19.6
1,1,6.183333333333334,19.6
1,2,6.183333333333334,19.6
1,3,6.183333333333334,19.6
1,4,6.183333333333334,19.6
1,0,6.2,19.633333333333333
1,1,6.2,19.633333333333333
1,2,6.2,19.633333333333333
1,3,6.2,19.633333333333333
1,4,6.2,19.633333333333333
1,0,6.216666666666667,17.508333333333333
1,1,6.216666666666667,17.508333333333333
1,2,6.216666666666667,17.508333333333333
1,3,6.216666666666667,17.508333333333333
1,4,6.216666666666667,17.508333333333333
1,0,6.233333333333333,18.775
1,1,6.233333333333333,18.775
1,2,6.233333333333333,18.775
1,3,6.233333333333333,18.775
1,4,6.233333333333333,18.775
1,0,6.233333333333333,16.091666666666665
1,1,6.233333333333333,16.091666666666665
1,2,6.233333333333333,16.091666666666665
1,3,6.233333333333333,16.091666666666665
1,4,6.233333333333333,16.091666666666665
1,0,6.266666666666667,19.733333333333334
1,1,6.266666666666667,19.733333333333334
1,2,6.266666666666667,19.733333333333334
1,3,6.266666666666667,19.733333333333334
1,4,6.266666666666667,19.733333333333334
1,0,6.275,19.683333333333334
1,1,6.275,19.683333333333334
1,2,6.275,19.683333333333334
1,3,6.275,19.683333333333334
1,4,6.275,19.683333333333334
1,0,6.283333333333333,19.083333333333332
1,1,6.283333333333333,19.083333333333332
1,2,6.283333333333333,19.083333333333332
1,3,6.283333333333333,19.083333333333332
1,4,6.283333333333333,19.083333333333332
1,5,6.383333333333334,17.633333333333333
1,0,6.466666666666667,18.325
1,1,6.466666666666667,18.325
1,2,6.466666666666667,18.325
1,3,6.466666666666667,18.325
1,4,6.466666666666667,18.325
1,0,6.475,18.841666666666665
1,1,6.475,18.841666666666665
1,2,6.475,18.841666666666665
1,3,6.475,18.841666666666665
1,4,6.475,18.841666666666665
1,0,6.491666666666666,18.733333333333334
1,1,6.491666666666666,18.733333333333334
1,2,6.491666666666666,18.733333333333334
1,3,6.491666666666666,18.733333333333334
1,4,6.491666666666666,18.733333333333334
1,5,6.516666666666667,16.625
1,0,6.525,18.086111111111112
1,1,6.525,18.086111111111112
1,2,6.525,18.086111111111112
1,3,6.525,18.086111111111112
1,4,6.525,18.086111111111112
1,0,6.808333333333334,18.891666666666666
1,1,6.808333333333334,18.891666666666666
1,2,6.808333333333334,18.891666666666666
1,3,6.808333333333334,18.891666666666666
1,4,6.808333333333334,18.891666666666666
1,0,6.833333333333333,19.691666666666666
1,1,6.833333333333333,19.691666666666666
1,2,6.833333333333333,19.691666666666666
1,3,6.833333333333333,19.691666666666666
1,4,6.833333333333333,19.691666666666666
1,5,8.183333333333334,19.433333333333334
1,5,8.316666666666666,19.925
